filename, Car-Damage
severe_456_JPEG_jpg.rf.e5d9adda26251ea01acec79ca679b628.jpg, 1
minor_131_JPEG_jpg.rf.e46f8115b813fbc8272d38ed6f106593.jpg, 1
akhand_b43_401_jpg.rf.e438cd77dad7d90470ec8e2801939d1d.jpg, 1
minor_290_JPEG_jpg.rf.e3c3931aba1b735800bf7ecef2f852a3.jpg, 1
akhand_b43_110_jpg.rf.e4ec0ed27f351d315edea4fb599e1200.jpg, 1
minor_366_JPEG_jpg.rf.e521c2338bafc0a2d5f35c4f019261b6.jpg, 1
severe_129_JPEG_jpg.rf.e3f1a540dc052a0e223fc1a416f0edf5.jpg, 1
coco46_jpg.rf.e68649e5d5657dbc626ddb93d7c36a97.jpg, 1
minor_18_JPEG_jpg.rf.e5930c49f51950644a9b357a5da31db7.jpg, 1
severe_35_JPEG_jpg.rf.e6311f362e1dc4e1fc4ceae36b81d504.jpg, 1
test_set_54_jpg.rf.e4d25676b08b01a68266a8a844b50e97.jpg, 1
test_set_25_jpg.rf.e64730e75eaef46bb33bd82d0a1f5c66.jpg, 1
137_jpg.rf.e4587ca6d0090b9db3bddac12cc4d95d.jpg, 1
severe_244_JPEG_jpg.rf.e5a9a0e6aa7e0e8ef1de3e064d37a026.jpg, 1
test_set_178_jpg.rf.e5991d826712830e1dc34c8fab8e46be.jpg, 1
akhand_b43_437_jpg.rf.e4bcd3dae4240f21a2676d5308943121.jpg, 1
125_jpg.rf.e749991a8c379136c7e237a96a38c014.jpg, 1
minor_205_JPEG_jpg.rf.e38b8b7342cdaa4382a587a21b5003a1.jpg, 1
akhand_b43_283_jpg.rf.e5f6192c4ceb0026729df1c396ac26c4.jpg, 1
test_set_88_jpg.rf.e3bcbcbc4dde851afce52d91ac0bf08d.jpg, 1
akhand_b43_532_jpg.rf.e5cbb9b5a876ed1408c167874169ae28.jpg, 1
severe_189_JPEG_jpg.rf.e6ba0ac1ccf6b8471c1386adf1a70eab.jpg, 1
120_jpg.rf.e6b2b7c7332bc442ab56ce00a623610d.jpg, 1
146_jpg.rf.e6693db3e065872c83f905dd84f97027.jpg, 1
test_set_13_jpg.rf.e677d4183311e93cb9cc2593049b751a.jpg, 1
akhand_b43_171_jpg.rf.e81e0b18b77e8958bb4beabc3e12fbd0.jpg, 1
minor_225_JPEG_jpg.rf.e867968d143aec8afd12cacae2461fad.jpg, 1
79_jpg.rf.e7b641ef2c5bb51d5071fecd7f3c66c5.jpg, 1
test_set_71_jpg.rf.e94f26fde16f77da75f98077acae3b4d.jpg, 1
severe_280_JPEG_jpg.rf.e829bdae7b486f3d2fd083568f0ea7b8.jpg, 1
severe_212_JPEG_jpg.rf.e7d88f3d918585f8bc6983447fbb220f.jpg, 1
minor_325_JPEG_jpg.rf.e784e4c14cba3522c0824991b5592b10.jpg, 1
severe_564_JPEG_jpg.rf.e88bc51bfc1b85d617cf25461d7bc3c8.jpg, 1
141_jpg.rf.ea3976c81fd223d9683925be53226a49.jpg, 1
akhand_b43_587_jpg.rf.e9c3535c2627aec69fd20092e290a828.jpg, 1
akhand_b43_571_jpg.rf.ea05c64ca98ec17422b722cf3403ba12.jpg, 1
severe_144_JPEG_jpg.rf.e84c73f666a24eb265eb750b275f2efb.jpg, 1
severe_585_JPEG_jpg.rf.e98a5eaf807b5772bd6ca320fb2012a3.jpg, 1
test_set_11_jpg.rf.ea7ade4d6c978cc14a769033a22c3567.jpg, 1
minor_232_JPEG_jpg.rf.eac03e9c24b775cf4252641931ba83ac.jpg, 1
severe_447_JPEG_jpg.rf.e9d4fd018a83599de0bef2bf135df621.jpg, 1
akhand_b43_27_jpg.rf.eadca89c098b93a10fda767f7ecd8a06.jpg, 1
76_jpg.rf.e8f3561fd846b6b4dec7cc16d8c73996.jpg, 1
severe_573_JPEG_jpg.rf.eb0f2591d9d95e8afee2755b973a0b89.jpg, 1
158_jpg.rf.eb44a1a73d45c375e58545f2a36fa10c.jpg, 1
severe_349_JPEG_jpg.rf.e8ea708b07c9c062e20543e616b48b7a.jpg, 1
akhand_b43_286_jpg.rf.e98aa4a9af082024c7c2b0ec04072582.jpg, 1
akhand_b43_200_jpg.rf.eae9e9d4e7e1dad7fd5625b1539b167f.jpg, 1
severe_66_JPEG_jpg.rf.eb3b28c66123f60e0bf79118a491ab90.jpg, 1
severe_182_JPEG_jpg.rf.eaeb9f62e102338d75cb44a36a5b332f.jpg, 1
akhand_b43_213_jpg.rf.ed039d6a19f08f61b0e5575a3b9455ca.jpg, 1
minor_187_JPEG_jpg.rf.ebf0e13ee04765a7d199d0390c6de7c6.jpg, 1
test_set_118_jpg.rf.ee4f76e0f4b8f8791a83b82a8c02300e.jpg, 1
akhand_b43_90_jpg.rf.eca7751e74dcbdd28f77e5044ae0bec6.jpg, 1
111_jpg.rf.ee845b3374d5ae83bdd8df1940638eeb.jpg, 1
severe_118_JPEG_jpg.rf.ef10003923a2468fe0dd804fd1f328dc.jpg, 1
minor_46_JPEG_jpg.rf.ee0d509a7363735412c52cc408005d7c.jpg, 1
severe_291_JPEG_jpg.rf.ee8b40de4ce3d1ac1f7518e0fa8f6ad8.jpg, 1
test_set_65_jpg.rf.ee765a2d393bb43a4f166e9a716fc1fe.jpg, 1
minor_286_JPEG_jpg.rf.ed96a7db4f13d2bb60b8e3bfbf76dac9.jpg, 1
severe_492_JPEG_jpg.rf.ee3addf996c6c3926b888e6e3da11d24.jpg, 1
severe_287_JPEG_jpg.rf.ef761e27ec9cbdee563ac3f7214558ba.jpg, 1
akhand_b43_236_jpg.rf.edd041a3c7e3081a4e15f38dbbc58e66.jpg, 1
severe_68_JPEG_jpg.rf.eefddc8ecae16f999de4aeb3a9ef1408.jpg, 1
minor_373_JPEG_jpg.rf.eeb7494ce625389b9317aa137032fe8d.jpg, 1
severe_553_JPEG_jpg.rf.ecd907d37efcb1a27a19eb50ce13090a.jpg, 1
akhand_b43_163_jpg.rf.ee4958cdeacd6c7ac3b2602085f0f5d2.jpg, 1
akhand_b43_277_jpg.rf.ef8d288c1c130656e8bfde268055c781.jpg, 1
test_set_53_jpg.rf.eccf3a9df41b86faec4a4febb916e74c.jpg, 1
minor_352_JPEG_jpg.rf.eff2e361373c015677d178d58b52bac7.jpg, 1
severe_198_JPEG_jpg.rf.ee127eab2410933e31687886a3bfadd7.jpg, 1
severe_79_JPEG_jpg.rf.ee38fca0a5167d7ce0ea0beb345d72a7.jpg, 1
akhand_b43_4_jpg.rf.ec4f9eab182262ca0aa66cee736e5d74.jpg, 1
akhand_b43_156_jpg.rf.ec0edcf0e775b0781fe58cae49f9f9b4.jpg, 1
test_set_10_jpg.rf.ee94c01e8d467d98f25941ef95dd085c.jpg, 1
115_jpg.rf.ecf4e2b9901db6132b21aa0969344d5e.jpg, 1
minor_116_JPEG_jpg.rf.ee6658120d16527c80dd278defe9edfe.jpg, 1
severe_414_JPEG_jpg.rf.f08b2bc0bb3e09636c31f9c201ce95d2.jpg, 1
akhand_b43_111_jpg.rf.f126a1b280ca57474170b9563f18d996.jpg, 1
severe_581_JPEG_jpg.rf.f2644206f1b4b3a692942a031f77e0cd.jpg, 1
minor_83_JPEG_jpg.rf.f0e9362851fed397055af3ff5fcd8e03.jpg, 1
severe_457_JPEG_jpg.rf.f0b4f3ac742ae1cb62a2f56bb7dd3423.jpg, 1
1_jpg.rf.f099fe8a0be1efad2a8604cf11f86e58.jpg, 1
minor_291_JPEG_jpg.rf.f117994eadf16e9eaa9ef2f270f7fc56.jpg, 1
akhand_b43_81_jpg.rf.f27c24a7d18bac799a4179ab28c780a5.jpg, 1
test_set_3_jpg.rf.f13dc77ad1d6e0102db94cf365203bd6.jpg, 1
minor_362_JPEG_jpg.rf.f18162bfed4d7ead8316b2d28a981d80.jpg, 1
severe_562_JPEG_jpg.rf.f13d3100c577ad8dbb6c7855ee998b6c.jpg, 1
minor_180_JPEG_jpg.rf.f29d59dff458cabbeb0d65e6ca66d74e.jpg, 1
minor_254_JPEG_jpg.rf.f2611de7c237e10b3be92f1e2fbe4acc.jpg, 1
severe_342_JPEG_jpg.rf.f27f89b7e4da25ba78a49f5682447ac4.jpg, 1
akhand_b43_246_jpg.rf.f268115721621e341de547d19d87aa47.jpg, 1
severe_380_JPEG_jpg.rf.f2be4c94e8ca059ae34fa5f76912bc22.jpg, 1
akhand_b43_52_jpg.rf.f10f9d628975a7feb398ba7b70130628.jpg, 1
test_set_147_jpg.rf.f08240a156161a51ae13be34e76d3b05.jpg, 1
test_set_28_jpg.rf.f2ebac495e8ecf0163fc469e8e4233e1.jpg, 1
coco68_jpg.rf.f32a939d8a984aa6d49d054d127448b9.jpg, 1
test_set_21_jpg.rf.f33ce5845a2389a90dd1c22aa698c546.jpg, 1
test_set_176_jpg.rf.f0a3587ed10bd8cdf560673ffeb69fb2.jpg, 1
coco63_jpg.rf.f2ac0ac210540082598ba8f4d1b2a623.jpg, 1
severe_26_JPEG_jpg.rf.f329daed2ef2ae93aab9c81272ef606b.jpg, 1
severe_330_JPEG_jpg.rf.f38f12ce4cc22b24d529d918887e089e.jpg, 1
akhand_b43_406_jpg.rf.f21438fef884b7bcc85b2b8ad361d46f.jpg, 1
coco61_jpg.rf.f1eeabab56de336535c144a49aba0f73.jpg, 1
test_set_102_jpg.rf.f391441173e4afed4e68c95553ebd2b2.jpg, 1
test_set_70_jpg.rf.f394e0666006154d8788712692ffba1f.jpg, 1
akhand_b43_363_jpg.rf.f37c83a97e4cdc2f0b835f6a56d78fdf.jpg, 1
84_jpg.rf.f3ae5154cc23a87be2336a99c7902bcd.jpg, 1
minor_27_JPEG_jpg.rf.f3dc1760cce3e7d4aeeeeb8a9352d606.jpg, 1
minor_23_JPEG_jpg.rf.f47124dbf19d880b1be39989ecdecd33.jpg, 1
akhand_b43_337_jpg.rf.f49fe876987d1c36915e283c026f04b5.jpg, 1
akhand_b43_173_jpg.rf.f42d7c171cebf21b12024f61e6474b41.jpg, 1
minor_207_JPEG_jpg.rf.f3d9eb539c0fa5bf34054fe53e930a92.jpg, 1
test_set_166_jpg.rf.f50dad73a2eefaad74a9998af4255e37.jpg, 1
severe_165_JPEG_jpg.rf.f67a5565d6cf79006590ee186a02740f.jpg, 1
akhand_b43_125_jpg.rf.f678c6940feec017f7eaf8bee7cb4e66.jpg, 1
severe_543_JPEG_jpg.rf.f607bc1a06fb595c40252031a32fe26d.jpg, 1
test_set_167_jpg.rf.f3ed0e0e670b3105e5ae4dafff7497b8.jpg, 1
akhand_b43_441_jpg.rf.f4d3d572a458697cea0e17fe276ab3b8.jpg, 1
154_jpg.rf.f6f4730c7bac40ee7a54e891dbf141e3.jpg, 1
11_jpg.rf.f5a8fcb5d9b681f25ccd12df980d3d30.jpg, 1
test_set_41_jpg.rf.f83df5e7815ca690b532fa05e051c322.jpg, 1
severe_41_JPEG_jpg.rf.f3e457d02687ff2a9980bac6038a3a7d.jpg, 1
akhand_b43_499_jpg.rf.f76dad6005a260c54a4fc5b2868eb5d2.jpg, 1
severe_535_JPEG_jpg.rf.f79c807f95c1fd7626e47e3f91db8c49.jpg, 1
coco13_jpg.rf.f76de9ed0aef2f4c346cea6075c2ce88.jpg, 1
akhand_b43_205_jpg.rf.f50abadc22160ece83e6090cf54a432b.jpg, 1
severe_366_JPEG_jpg.rf.f753543625563cd0b853713e4f71d974.jpg, 1
akhand_b43_82_jpg.rf.f438d422634083fe31bda516994bc58e.jpg, 1
minor_435_JPEG_jpg.rf.f847c80de6dcd1ae66b9f071892a5fee.jpg, 1
test_set_15_jpg.rf.f538cf0acefc20924a5f2450e938d450.jpg, 1
akhand_b43_560_jpg.rf.f611580e6f58e23c896aeead142a4466.jpg, 1
akhand_b43_364_jpg.rf.f53322c63789fd719921e5a408cfef43.jpg, 1
severe_265_JPEG_jpg.rf.f7f4577b1317a137b9e8d4f7bc5cd448.jpg, 1
akhand_b43_228_jpg.rf.f87b18e9c2ebd783efc2ed02d2c5861c.jpg, 1
coco75_jpg.rf.f9dd2006515c9fbe2ca8b8780470964b.jpg, 1
minor_383_JPEG_jpg.rf.f8d892b7a277ce2cb9ad8b912b141e32.jpg, 1
minor_348_JPEG_jpg.rf.f89e3147545be8b39217f45142c6c5f0.jpg, 1
severe_544_JPEG_jpg.rf.f963bdc83f5dae934c4ffebb7b96ae83.jpg, 1
akhand_b43_54_jpg.rf.f8a341bff18fdaef73eb01337abf4f0d.jpg, 1
99_jpg.rf.f97943f4522fe1b1defc7da4ec0f1eb1.jpg, 1
minor_330_JPEG_jpg.rf.fa077cb7909d8d9e00c1837cdeb06778.jpg, 1
akhand_b43_540_jpg.rf.f86a4d43baf80c920f3c4bb1a01d3467.jpg, 1
severe_519_JPEG_jpg.rf.fc2c6757249e0191ef67b886a62713b4.jpg, 1
coco2_jpg.rf.fa80d27a9895c6787ff9af81d37dcdae.jpg, 1
coco56_jpg.rf.fae3a75824f5af9df3d531678174b967.jpg, 1
akhand_b43_468_jpg.rf.fc97aa6cdcb242ab03b15b9ba921065d.jpg, 1
minor_215_JPEG_jpg.rf.fb675d1e7d041f2ed6c7198e35a5df3a.jpg, 1
severe_315_JPEG_jpg.rf.f8649b56ab32d1ce5706d53720c0f4ee.jpg, 1
minor_179_JPEG_jpg.rf.faed254a95118ee8511b8ea8ce3ab65e.jpg, 1
test_set_144_jpg.rf.fbcf6cc51f9acb95e8913fb8e5b8bf1c.jpg, 1
akhand_b43_45_jpg.rf.fce22198a131788f13383dc9cab64de1.jpg, 1
test_set_78_jpg.rf.f90ab50e2a0de98800212bd545a70512.jpg, 1
minor_52_JPEG_jpg.rf.fce9b5930b6f17bd9d3eefce843faa86.jpg, 1
severe_83_JPEG_jpg.rf.fca3317bdc2a616c329d88bbe404907e.jpg, 1
test_set_190_jpg.rf.fbac9b8f429c9d250932e14d2b8d971d.jpg, 1
minor_316_JPEG_jpg.rf.fb0ce7dc2ef3d844f5454ce790cf656b.jpg, 1
akhand_b43_249_jpg.rf.fdb0fcce5231fda6fd90cb606a0cbb0c.jpg, 1
48_jpg.rf.fb60a78ec0aceb5590b828df22b99d68.jpg, 1
severe_526_JPEG_jpg.rf.fe9355010224dfdbf4ede49e78b63df4.jpg, 1
akhand_b43_51_jpg.rf.fdeb23206a2de357b5bce5328c8d7345.jpg, 1
akhand_b43_2_jpg.rf.feea7a76bb255da6a982e70dcb6ae6eb.jpg, 1
akhand_b43_334_jpg.rf.ff0933a86b393219e12fe815cc0891bf.jpg, 1
151_jpg.rf.fe8138a41b71343a4eb542d9d8d05356.jpg, 1
coco76_jpg.rf.fe998f12dd27669bb0e8ec69258224c0.jpg, 1
minor_168_JPEG_jpg.rf.fedf2d25036dfcf43371544551a828e8.jpg, 1
severe_324_JPEG_jpg.rf.fe3d03c78b6bd4ff31cf126ea0907736.jpg, 1
severe_369_JPEG_jpg.rf.fe6dd4639cf291e418e73eb1c45fedf9.jpg, 1
minor_211_JPEG_jpg.rf.f9841b24d70bd19811dc88c0c3ef9a72.jpg, 1
test_set_121_jpg.rf.fffc7c483b6eb5638408417c5ad8e8df.jpg, 1
akhand_b43_254_jpg.rf.fef0efb1e025375cae90e3084057e607.jpg, 1
minor_365_JPEG_jpg.rf.fefcbcf0d6d47991155e41b28a44be34.jpg, 1
akhand_b43_398_jpg.rf.ff3e8b5063d668972824a99f0957a7aa.jpg, 1
25_jpg.rf.ff10564256a3ce8a30247f393be73911.jpg, 1
akhand_b43_377_jpg.rf.ff2a2d8401a984d4214d82e1d39f4bb9.jpg, 1
severe_502_JPEG_jpg.rf.ff4b9969e8bda07d07eb1fbe08a004c5.jpg, 1
severe_43_JPEG_jpg.rf.fff576a6b4da370d7a97e4fcac733972.jpg, 1
164_jpg.rf.ff71ae2bac1b11d12a46a70f30b06591.jpg, 1
39_jpg.rf.f85ac7df393db08756d8e4ab217d2511.jpg, 1
test_set_36_jpg.rf.6df9d3b0efafc67fa4b2619203b74f19.jpg, 1
test_set_84_jpg.rf.6e9c31004c5c4cdd8268bfad63452788.jpg, 1
severe_258_JPEG_jpg.rf.715540805f79102baad4ee16d5850d77.jpg, 1
minor_287_JPEG_jpg.rf.71a3d2a8e168024bca5eecad6c362367.jpg, 1
severe_124_JPEG_jpg.rf.6df985df92c5aadddf5d48b8d5711a7c.jpg, 1
minor_429_JPEG_jpg.rf.6e501b9fe2c1e1b40a47868149c7b33c.jpg, 1
167_jpg.rf.70b7bddf006f713e77dac523bcfb7042.jpg, 1
akhand_b43_148_jpg.rf.6e3f1e9235dd5ba9253618f779d9172e.jpg, 1
severe_257_JPEG_jpg.rf.6f19c40507a7591db57a4b1073bfb5f2.jpg, 1
minor_227_JPEG_jpg.rf.70cb0b3d2ef333e07e7651e036070a31.jpg, 1
155_jpg.rf.6f23c636bd3ecdb6f5b0fc02a0af00fb.jpg, 1
severe_263_JPEG_jpg.rf.70e915c90e3a192d1a4596909c776a66.jpg, 1
akhand_b43_114_jpg.rf.6f20945ededb308a0d51a89ffcf241f0.jpg, 1
minor_279_JPEG_jpg.rf.6e1f5d263ff64c3a7ded2d893c29efcb.jpg, 1
minor_165_JPEG_jpg.rf.6e2be713665991003a099d25f2b6c7c7.jpg, 1
test_set_161_jpg.rf.6e52e9bd191a069dbb36d9f2784131ce.jpg, 1
minor_10_JPEG_jpg.rf.6e474e3b874356cedaae019fc27fd1c4.jpg, 1
akhand_b43_10_jpg.rf.6f65a855acb6773f516b06be1da139d2.jpg, 1
77_jpg.rf.6f2ff29c856a5b8147496771a86b9b73.jpg, 1
severe_115_JPEG_jpg.rf.70b9c9b6fe737a2f1706289423e31d04.jpg, 1
minor_2_JPEG_jpg.rf.6f23f1ec2feaf143c2b51f7a571ee317.jpg, 1
severe_531_JPEG_jpg.rf.71c1991d3704ba2b6cc4bf945beb29e5.jpg, 1
severe_51_JPEG_jpg.rf.6f7815435c051ceabaed4b4a30422572.jpg, 1
minor_240_JPEG_jpg.rf.702d9ade815b4d39ab2969c7aebfdb58.jpg, 1
akhand_b43_496_jpg.rf.705f55461a346a0673cee9af0a1fb941.jpg, 1
minor_285_JPEG_jpg.rf.71ce8ff56be57957258b1269691025e7.jpg, 1
severe_219_JPEG_jpg.rf.71d425073ec14cf13d46c13c01d3f4e7.jpg, 1
severe_303_JPEG_jpg.rf.7282519c4ac4ffdc2dc9af1ce7183ff0.jpg, 1
severe_211_JPEG_jpg.rf.7338908819100b08cee93e7a4b1c289f.jpg, 1
akhand_b43_538_jpg.rf.7251bac32f8f6e605ff7e264ed5a8e07.jpg, 1
severe_218_JPEG_jpg.rf.73ac0c2dd65578a315187324d2c86321.jpg, 1
severe_395_JPEG_jpg.rf.73933e3e19893c96b18a6ff749566d75.jpg, 1
akhand_b43_217_jpg.rf.730557dfa7dc4b8d1a830d9845728735.jpg, 1
akhand_b43_595_jpg.rf.72602d97ee5ad119c3411ee77678b7fc.jpg, 1
severe_113_JPEG_jpg.rf.7300503c5dd86597ad16f8b5c3262884.jpg, 1
akhand_b43_416_jpg.rf.736bdfff6ac29ae630120dddda72e4df.jpg, 1
severe_183_JPEG_jpg.rf.741775bf80c78d0a1787d15a963b31a9.jpg, 1
akhand_b43_144_jpg.rf.738671312b2652bba67133d3e9e0809f.jpg, 1
minor_79_JPEG_jpg.rf.76112de7617c6b53fd5b78973e739395.jpg, 1
severe_415_JPEG_jpg.rf.73c17a8c47e11c67482c698604f2be46.jpg, 1
akhand_b43_30_jpg.rf.728964ac7b9a60e8c97fb45aa2aa220a.jpg, 1
severe_560_JPEG_jpg.rf.74f6cedba6289d895c210d4e2adcc5f0.jpg, 1
severe_204_JPEG_jpg.rf.74881c9f54160fb19a4125f63691e19a.jpg, 1
minor_235_JPEG_jpg.rf.74fd62c49f56cdb6a635c96a4e5d467c.jpg, 1
akhand_b43_222_jpg.rf.757dbcbbe68d99980a20e0dcae880e81.jpg, 1
minor_388_JPEG_jpg.rf.7656f79a3f891422b035dd550b66f5e4.jpg, 1
minor_234_JPEG_jpg.rf.74d09e59994744e49c928576b60c00ae.jpg, 1
severe_401_JPEG_jpg.rf.754bd172b07703897b825496d7cc20b9.jpg, 1
minor_263_JPEG_jpg.rf.747450736754b6e7ed578996eed22401.jpg, 1
minor_127_JPEG_jpg.rf.749099ad14620bfe9a92ca50a66ed0b5.jpg, 1
minor_21_JPEG_jpg.rf.74e2f59ac79dbd0b72d369474ae678f8.jpg, 1
severe_205_JPEG_jpg.rf.768c99bbd6262fd933ffaca612d6de81.jpg, 1
test_set_35_jpg.rf.7675db0d2ffad2b84727d2bd2023dc48.jpg, 1
coco39_jpg.rf.76e39f3e73fe7b9e8a72b0c24db12cfc.jpg, 1
9_jpg.rf.7701b730c801119c65ad65a997f64647.jpg, 1
severe_7_JPEG_jpg.rf.76f43bbbdc2c5ed25d772128c2e6dbd6.jpg, 1
minor_135_JPEG_jpg.rf.77212788a9ae3a4b2addab8e3542603f.jpg, 1
akhand_b43_233_jpg.rf.7720686608671108b5b38cc70a6b2f73.jpg, 1
minor_128_JPEG_jpg.rf.7730ab616cadb74ee5c9ac0bb29768ce.jpg, 1
102_jpg.rf.785445cbe250c2ecb9f714bbcb97af04.jpg, 1
97_jpg.rf.77a76c88d22462d13c101bcc4c2d7bcc.jpg, 1
severe_467_JPEG_jpg.rf.770ec4faf407127b8dd097435494ff42.jpg, 1
minor_96_JPEG_jpg.rf.79b54e2780dce2fd4871fa68d08c91f7.jpg, 1
severe_478_JPEG_jpg.rf.798108a37770d694b30276d42b67ed3c.jpg, 1
minor_158_JPEG_jpg.rf.77944692fadeab493259ecd39e3efb47.jpg, 1
minor_206_JPEG_jpg.rf.78cd6418fe81607ef063711312ac655d.jpg, 1
severe_243_JPEG_jpg.rf.78683126f2e39f922f6fd92c7f2d9b02.jpg, 1
severe_232_JPEG_jpg.rf.774cddcdf253f1c66afd6f65d8d168bc.jpg, 1
akhand_b43_541_jpg.rf.7967b47f26ab4846db75181ec3f21dcd.jpg, 1
minor_163_JPEG_jpg.rf.785252aba5212e8d61b9e5f58a13ce01.jpg, 1
severe_556_JPEG_jpg.rf.790d10cbcbf97ad903df01cdedcacb84.jpg, 1
minor_427_JPEG_jpg.rf.79937ae3b9a5ac7a7d58d19c793adf3f.jpg, 1
test_set_67_jpg.rf.79bb5579d3d3ecd38d2c5c6c424e3b5a.jpg, 1
akhand_b43_438_jpg.rf.79e2944812762daa09eb32e9a3a32115.jpg, 1
minor_148_JPEG_jpg.rf.78eb8c6be304d4d583ce9affb2eb69f6.jpg, 1
akhand_b43_248_jpg.rf.7847a59fca12bae27b95bdc9bb0ee6ef.jpg, 1
akhand_b43_411_jpg.rf.7a0e415b0bdb7c5744e4d36003978c37.jpg, 1
akhand_b43_445_jpg.rf.78d6cd37e619999d5381b94e704a04d3.jpg, 1
akhand_b43_514_jpg.rf.79e5cd884d076d70fa9bf3c472bde3fd.jpg, 1
coco50_jpg.rf.77f75f625efe419de096e0312ea1bf4e.jpg, 1
minor_295_JPEG_jpg.rf.7a76a0e855074e49ea522d0152941185.jpg, 1
akhand_b43_146_jpg.rf.7a5b2dd10aa3a6518bd9c6bf2417bf3f.jpg, 1
severe_225_JPEG_jpg.rf.7a75adc60ee6f977e2dd670edce3923d.jpg, 1
minor_398_JPEG_jpg.rf.7ada0ec13b8cac059b1282666b9ce377.jpg, 1
71_jpg.rf.7aaf896e8ab1a13f0d7fc73153459778.jpg, 1
severe_398_JPEG_jpg.rf.7bf8538db873df18057b3f529171b84c.jpg, 1
minor_313_JPEG_jpg.rf.7ae8d045a8d7e7b500fbcce58d358430.jpg, 1
severe_308_JPEG_jpg.rf.7c67b2f0a278c593add98b26b5356606.jpg, 1
coco25_jpg.rf.7b4601aaf2312073af84038c42f86f82.jpg, 1
minor_386_JPEG_jpg.rf.7a95ba9a49f3ee71ad14f8ecd2e7c2cb.jpg, 1
127_jpg.rf.7c9f4d8a82b600c0afe117fdfd077de1.jpg, 1
akhand_b43_132_jpg.rf.7d0e4642419aecb1c01bdd0975a6986a.jpg, 1
156_jpg.rf.7e7d9f822a33f4be8e7f0c3bca3dfae1.jpg, 1
severe_98_JPEG_jpg.rf.7db8ed9099f34f621e7158f98c28568e.jpg, 1
minor_78_JPEG_jpg.rf.7dbf2963fc8049e055577eadcc3191aa.jpg, 1
akhand_b43_108_jpg.rf.7e994071a7c1f88b3e4476e955da85e9.jpg, 1
minor_72_JPEG_jpg.rf.7d5808c5ffec9c072bbbd216a81c9a6c.jpg, 1
severe_518_JPEG_jpg.rf.7c57ebb790ca8d1096d0097d7ff012f6.jpg, 1
minor_218_JPEG_jpg.rf.7d30995381c8e06d7f7118752e1a9c4d.jpg, 1
test_set_44_jpg.rf.7c8d94989677182313a3da79d45c7bd6.jpg, 1
severe_577_JPEG_jpg.rf.7ef135da95209dc2d5aefc1a1ea89ad5.jpg, 1
severe_164_JPEG_jpg.rf.7eac5a216eac5d34a11a373f462c7952.jpg, 1
minor_321_JPEG_jpg.rf.7fddf6e4b2f7d5842ff3c9177bc932a2.jpg, 1
severe_25_JPEG_jpg.rf.7c017bb285aa87adc5ed24e33d0a074f.jpg, 1
minor_243_JPEG_jpg.rf.7d9b7abf27c4924cd1995958a2f9e4f5.jpg, 1
severe_248_JPEG_jpg.rf.7fd758fd40650fca9538f5ea1d015de4.jpg, 1
severe_210_JPEG_jpg.rf.7e42553872d35c2b266a93079ed31bad.jpg, 1
akhand_b43_219_jpg.rf.7f4a89b45981699bff4c3809e3be6efe.jpg, 1
minor_195_JPEG_jpg.rf.7ca02a4076e20dc100dad9a6c5a752e0.jpg, 1
severe_412_JPEG_jpg.rf.7d6751c34d2328ae9c5edd8ef1d89ee0.jpg, 1
akhand_b43_284_jpg.rf.7f54f660a85759ebab213c12f05d7008.jpg, 1
52_jpg.rf.802cdd29fa790f58a4841ab1cf511e77.jpg, 1
severe_578_JPEG_jpg.rf.7d3980a8f8d965509e040de8eec590a1.jpg, 1
akhand_b43_34_jpg.rf.8130c0eabe21aaa9fa756a25c9081cd8.jpg, 1
akhand_b43_78_jpg.rf.80ca4faff6992f5ee004a72a45f2597c.jpg, 1
akhand_b43_465_jpg.rf.7f0c8bd45c6589944d88d4c797fb1f17.jpg, 1
149_jpg.rf.81d742f7277a08a35d583ee84195903a.jpg, 1
minor_247_JPEG_jpg.rf.80e94a71d104cde3d6b4e3ecbff89740.jpg, 1
severe_103_JPEG_jpg.rf.827a992bc768ba6a40d9486875bc469f.jpg, 1
severe_261_JPEG_jpg.rf.833e8379f1f86e6ef2f6c0fa30adb495.jpg, 1
akhand_b43_524_jpg.rf.833ae3f111e873e7330cf358d8bfee5d.jpg, 1
severe_387_JPEG_jpg.rf.82fcf925df51b25cffb5dc1dee70aa3c.jpg, 1
test_set_77_jpg.rf.82216c18c91f473e0d56209bd4c95187.jpg, 1
severe_428_JPEG_jpg.rf.82e0811ad3fc4b585ff9906e19825081.jpg, 1
severe_9_JPEG_jpg.rf.81e6f63f6c917aa0c30a00ced0863f62.jpg, 1
minor_438_JPEG_jpg.rf.805bda304cfea3a5400bb956c924544a.jpg, 1
akhand_b43_314_jpg.rf.808676f0ed37f7cdd2d5d38d41a8cfa5.jpg, 1
severe_27_JPEG_jpg.rf.8414ca2270f9d6ced1e1b09e0fbb9dd0.jpg, 1
test_set_27_jpg.rf.81f8e6a2fe39b3a4e8999a6c172ff1fa.jpg, 1
severe_60_JPEG_jpg.rf.837a8dfce34da70502424f73399d3036.jpg, 1
minor_387_JPEG_jpg.rf.84557910b72d022786bb2a146656ff94.jpg, 1
akhand_b43_484_jpg.rf.83bc36d1c44f00950ef05e8576916e6d.jpg, 1
akhand_b43_354_jpg.rf.7fd77b72097f8a0882bad40fab7dcd17.jpg, 1
severe_422_JPEG_jpg.rf.811e5c85e3e3e0f557f8f4772fdda9da.jpg, 1
minor_166_JPEG_jpg.rf.826bb0b34b759e54ca415024bf3b0b6c.jpg, 1
minor_314_JPEG_jpg.rf.8180a7c291791398a7b0d5a65e06c4f5.jpg, 1
minor_216_JPEG_jpg.rf.826cae8d6cc23fe6a5c0d802a21f630b.jpg, 1
akhand_b43_147_jpg.rf.83c1b508e0b63d15f19a59cd930631b2.jpg, 1
severe_162_JPEG_jpg.rf.83b2201dc6baf7d999ef210ed0177f31.jpg, 1
severe_471_JPEG_jpg.rf.8394911bfcfe3ccfe9465a13002c8c10.jpg, 1
severe_432_JPEG_jpg.rf.8167e5c26a1c4f0ff87754b4e1e61ff1.jpg, 1
akhand_b43_349_jpg.rf.85ad285a75b5472fb8612841dcf3f37a.jpg, 1
severe_545_JPEG_jpg.rf.852aec7af5005279395823abe4b41974.jpg, 1
test_set_19_jpg.rf.8477d74114914a0db1b9301182b72f33.jpg, 1
akhand_b43_525_jpg.rf.84295028691b6479d355a99b679674d1.jpg, 1
akhand_b43_359_jpg.rf.84c5fbfcdde69333f8980d146d790bfd.jpg, 1
minor_61_JPEG_jpg.rf.8459fdcb83be441ecf3fdf6c51a1bd43.jpg, 1
akhand_b43_434_jpg.rf.8544ed291c6c20cbefd07ac4fd588288.jpg, 1
minor_17_JPEG_jpg.rf.854240aec52624392f2e651e7968fc7c.jpg, 1
severe_151_JPEG_jpg.rf.872e48d1ff65c76831a3f9b2c078be46.jpg, 1
minor_422_JPEG_jpg.rf.84b2486b3ef5392b16b90e29a135f338.jpg, 1
minor_341_JPEG_jpg.rf.8478027a1630749cbf2b4b19cc5bff94.jpg, 1
severe_318_JPEG_jpg.rf.850ca60b958083bd1ada521bcb541478.jpg, 1
akhand_b43_229_jpg.rf.875b41aceae6a7724a2accb10095e014.jpg, 1
test_set_86_jpg.rf.8505b6cb86834860344ade4569987235.jpg, 1
akhand_b43_358_jpg.rf.85fa6ff7db910a52d4f6261670eb860e.jpg, 1
akhand_b43_290_jpg.rf.84ac9e74800450c3308caed9e0b086f1.jpg, 1
severe_463_JPEG_jpg.rf.884096c4e7ed5a5a95420186cfea7625.jpg, 1
severe_4_JPEG_jpg.rf.87d4c731f1d722bc727668751dd7369e.jpg, 1
test_set_111_jpg.rf.876c2cf5fedccfa65d108f5ffb1d5d90.jpg, 1
severe_177_JPEG_jpg.rf.88b317125b6ac4fa5de8739725f3309e.jpg, 1
akhand_b43_509_jpg.rf.884bafc725761865f833a42136fbb49c.jpg, 1
severe_141_JPEG_jpg.rf.868f392716f8fbf59b184a8dc7f698df.jpg, 1
test_set_150_jpg.rf.89185fdddd460499c31dbbbd521aa095.jpg, 1
minor_110_JPEG_jpg.rf.84e858f06bfca506b2878c29e4caffb3.jpg, 1
coco41_jpg.rf.88c48e3d2a4f942febed848b262bf5a7.jpg, 1
akhand_b43_311_jpg.rf.897c17af16192cecc738cdc9d0a50ff6.jpg, 1
119_jpg.rf.889355e602cb0e663a7dd5a8c374c57e.jpg, 1
minor_280_JPEG_jpg.rf.8876a549bb7b809bbaf520087fd0f99b.jpg, 1
minor_363_JPEG_jpg.rf.8970026bb6e294c584ad5812cadae7e0.jpg, 1
minor_156_JPEG_jpg.rf.8708b76696014b10d0518b4e69f64bf1.jpg, 1
test_set_62_jpg.rf.897a8a00d7969729821aa2a57e3a4272.jpg, 1
akhand_b43_566_jpg.rf.88cf029d33a1528bd6307177c0e08ab5.jpg, 1
test_set_115_jpg.rf.88ffac969b80510436dcdec1953f9d10.jpg, 1
minor_333_JPEG_jpg.rf.8980b8e37314e49b8a8f572b0342c277.jpg, 1
akhand_b43_528_jpg.rf.8835093464b5da0a9773ea1d86da7520.jpg, 1
test_set_105_jpg.rf.8928660ddd4f340a7542713e05344372.jpg, 1
severe_80_JPEG_jpg.rf.8611a110cdb48d6b2afdb510ad32d904.jpg, 1
akhand_b43_292_jpg.rf.89eda103fe922672e4612b83fe1e0027.jpg, 1
severe_584_JPEG_jpg.rf.8a31562d6eb44498aabd45e4dcd2c71d.jpg, 1
akhand_b43_421_jpg.rf.8a904e5c823e0da3039485269abe18a5.jpg, 1
akhand_b43_328_jpg.rf.88022d38ee49ccf89e260510fa7b4fe1.jpg, 1
severe_475_JPEG_jpg.rf.89cfff5e93f4de9d400ebfc606a88a9b.jpg, 1
akhand_b43_93_jpg.rf.89a8ebc775509b0aaf62722a4836954c.jpg, 1
test_set_72_jpg.rf.8b3e96252b602c170382c0a96aca831d.jpg, 1
severe_529_JPEG_jpg.rf.8be3c37b296166e49ac1ff215bc04ece.jpg, 1
severe_112_JPEG_jpg.rf.8c20ccd5d17898ceb278a586b922c3a4.jpg, 1
akhand_b43_593_jpg.rf.8a2f7a444efed42cb52df064b0406d47.jpg, 1
akhand_b43_191_jpg.rf.8b75572594e73f70d69901777983122b.jpg, 1
test_set_112_jpg.rf.8da1687a10809fac0e11217dc21df909.jpg, 1
test_set_57_jpg.rf.8c9f8ea4afbae4f97a3e14a96575b951.jpg, 1
severe_445_JPEG_jpg.rf.8bc1f5d95fe728cf76486fedb71cc3f7.jpg, 1
akhand_b43_126_jpg.rf.8e1d20ad9a1feb36931eaab737847ffc.jpg, 1
minor_217_JPEG_jpg.rf.8d1b26fbf73fa45fa5737d79c648cc3b.jpg, 1
test_set_12_jpg.rf.8c1b433d0a2386f5d2efb23e6edaa1c0.jpg, 1
severe_363_JPEG_jpg.rf.8e6ea1edb5283e41dc9029ce89f1611d.jpg, 1
severe_365_JPEG_jpg.rf.8e255e2e5a676073af7ef7c6fd8d28d9.jpg, 1
akhand_b43_574_jpg.rf.8e9e66468b633f88c29d3d01e9626c01.jpg, 1
severe_561_JPEG_jpg.rf.8e1a4086beb433a72f6c1be84055eb51.jpg, 1
severe_437_JPEG_jpg.rf.8c4f18ce24f86c83333f7ed9b018beb7.jpg, 1
severe_323_JPEG_jpg.rf.8d5f75cb1051ee005c8f38a1392d082c.jpg, 1
akhand_b43_453_jpg.rf.8d634c55c322ae5146317a213c45d297.jpg, 1
severe_81_JPEG_jpg.rf.8ded0db6458adae2af336b4d9bcebb5d.jpg, 1
akhand_b43_19_jpg.rf.8ea76bfb01e414715b77e9a6490d7834.jpg, 1
test_set_106_jpg.rf.8c997fe651ec439c9ac978891bc232c5.jpg, 1
severe_240_JPEG_jpg.rf.8f62785c94133c380b3cebcaef8eb45e.jpg, 1
131_jpg.rf.8f11136592af506f1e69960e3b578457.jpg, 1
severe_105_JPEG_jpg.rf.8e6c972e16dc1c0a39fc076ff38e000f.jpg, 1
minor_143_JPEG_jpg.rf.8c1b04afbbec78e81eacc601468cbe6e.jpg, 1
akhand_b43_184_jpg.rf.8eb4bc504c404502170747f3ee80803e.jpg, 1
143_jpg.rf.8ef24451f5aea36a64a3c3043e03e64c.jpg, 1
severe_44_JPEG_jpg.rf.901e24d8b98a01ea56a0602cb9ef4d5b.jpg, 1
akhand_b43_160_jpg.rf.8f7829a41f168b910a085a3d93d1262f.jpg, 1
87_jpg.rf.8a38118c08bad2b401da913cacc224e4.jpg, 1
severe_474_JPEG_jpg.rf.8e073e1f09d542959861446f6a8eb1e0.jpg, 1
akhand_b43_161_jpg.rf.8ece3b6692a5546b4550f53ce2d97571.jpg, 1
akhand_b43_141_jpg.rf.8fead0bec11aeb738322e6ac614fd6e3.jpg, 1
test_set_59_jpg.rf.906af5609938b24c62df21b667b5f1b9.jpg, 1
severe_301_JPEG_jpg.rf.90b0ba0623f317386a63403fbcb15a2f.jpg, 1
severe_539_JPEG_jpg.rf.9038173608cdd44a86566e72f8bd70ad.jpg, 1
akhand_b43_91_jpg.rf.904d70d2741b240196c8cf93015be478.jpg, 1
severe_18_JPEG_jpg.rf.8b3c409d16ccf6a114eb134f0caa1185.jpg, 1
severe_72_JPEG_jpg.rf.90c32dc0ba924a0955f1c9953b9d181f.jpg, 1
severe_191_JPEG_jpg.rf.8b66c7d839d00342b11d20a619249036.jpg, 1
severe_361_JPEG_jpg.rf.9120b11fc5a6c127ffdbdc4cd693d684.jpg, 1
severe_75_JPEG_jpg.rf.90de66daa411725a59b1a01449da8237.jpg, 1
minor_118_JPEG_jpg.rf.8f7b78eb82f760cc5fc93779c1fa5fd5.jpg, 1
akhand_b43_404_jpg.rf.8fbeea69684e66044cb8c50ce8472dbc.jpg, 1
severe_64_JPEG_jpg.rf.90ef41f3abd8350e1967d49eebe6f58e.jpg, 1
37_jpg.rf.914ccb4edaee7f25811dc47fe45b583b.jpg, 1
severe_550_JPEG_jpg.rf.90f9113e1e296d7774e632759fbd7e3b.jpg, 1
severe_53_JPEG_jpg.rf.91dee01e7bff1a37063cb5a127825595.jpg, 1
12_jpg.rf.8f921a3b410dd346eba86fdfba51b1df.jpg, 1
minor_322_JPEG_jpg.rf.917745e60ff4362e0c0ad83c16d88162.jpg, 1
minor_178_JPEG_jpg.rf.923c657e24a4f8c56fe3bd112f6cd8f0.jpg, 1
73_jpg.rf.922e0613416010823753beed8bee2ae5.jpg, 1
severe_199_JPEG_jpg.rf.935b6d4fdc133a68de582da57bd9abf6.jpg, 1
akhand_b43_215_jpg.rf.92fcd860a5ac58ad36402355056ca9dd.jpg, 1
minor_172_JPEG_jpg.rf.91e4fe73bc069f8ab02d4931d5bb266c.jpg, 1
akhand_b43_80_jpg.rf.92a0c5301fd40ee9e3fc6287deacd758.jpg, 1
minor_185_JPEG_jpg.rf.944d17c9a14fc3ae96b33c068ed830ce.jpg, 1
severe_168_JPEG_jpg.rf.93b923a32bdab9a10f7d75dc50131986.jpg, 1
minor_294_JPEG_jpg.rf.92abfc0d9bd8d8ba12f1890181113ecd.jpg, 1
severe_145_JPEG_jpg.rf.9407d8c285c1d106ffe425d7ca2f39eb.jpg, 1
severe_229_JPEG_jpg.rf.9489015ef37754041db2e0b9b3b6d6df.jpg, 1
severe_161_JPEG_jpg.rf.94666c45982536de8ac5d36bc83da077.jpg, 1
akhand_b43_454_jpg.rf.9288e4d1b4a38381b2b06dd99af338d2.jpg, 1
minor_331_JPEG_jpg.rf.922db7098a255dcb451280144578c88e.jpg, 1
test_set_148_jpg.rf.946ae9b5cac9877411673349d1782dcb.jpg, 1
severe_8_JPEG_jpg.rf.9498a8e96b3a55bb69883c4ac57c09b5.jpg, 1
minor_414_JPEG_jpg.rf.24f1eb77a5f37e49aba2a22f647662f3.jpg, 1
minor_424_JPEG_jpg.rf.2398bcc433f8da2213af8bae9b0d7cb8.jpg, 1
34_jpg.rf.25518171c63132c4e219d0270193e966.jpg, 1
severe_399_JPEG_jpg.rf.255efcd0ff90512034c5a924ec2b5a71.jpg, 1
severe_99_JPEG_jpg.rf.25611100346863755657d080a1290c7d.jpg, 1
akhand_b43_554_jpg.rf.241e3697272191d5624884be5d360b39.jpg, 1
akhand_b43_280_jpg.rf.25dad5941e69d6209ccd17e5d5572190.jpg, 1
severe_149_JPEG_jpg.rf.2534ad4167045a1790fa4ff330c3d2da.jpg, 1
minor_117_JPEG_jpg.rf.23c7a7565959ac471c1df8f3d59bef5c.jpg, 1
akhand_b43_463_jpg.rf.25633d19b1261351fb5a56a6be4dabf3.jpg, 1
severe_406_JPEG_jpg.rf.232a754bf67a6db1570152a271601722.jpg, 1
68_jpg.rf.26459d85c8eac8e790e9e3622c395117.jpg, 1
severe_426_JPEG_jpg.rf.26d0741b75cec9632e4efc9cd4b0c0e3.jpg, 1
minor_6_JPEG_jpg.rf.26f60c4f9a6cdad251c249c6c521d2a3.jpg, 1
severe_92_JPEG_jpg.rf.24043560a50ef0e8dd1534fb754baffe.jpg, 1
minor_26_JPEG_jpg.rf.2687befc5566e0345dc3b6342f2684b8.jpg, 1
134_jpg.rf.26a5f0626771079a7ec3bba2e07c21ab.jpg, 1
akhand_b43_25_jpg.rf.26fefdbb2c213e944a54dfb93c47ddf0.jpg, 1
akhand_b43_466_jpg.rf.255cb7781541793b85a398031a256bc9.jpg, 1
severe_397_JPEG_jpg.rf.25edcb4192e195eba1cd84910cd4feb1.jpg, 1
8_jpg.rf.26ae1966b690e1ae2ef4c15265640ac1.jpg, 1
akhand_b43_168_jpg.rf.269afedc9d2d7fa49dd8be426eab1332.jpg, 1
test_set_29_jpg.rf.2579a6198f0f92f91435b513dc8b0535.jpg, 1
10_jpg.rf.245d1696d688759fcc84e7b18e8c0192.jpg, 1
109_jpg.rf.242a2c890ac1c8f078989574a12572e0.jpg, 1
64_jpg.rf.289550e342c3eb9cd0c4ba86ad9860a7.jpg, 1
akhand_b43_176_jpg.rf.275e4581ad4f50bfc25b598c5a0c4823.jpg, 1
severe_37_JPEG_jpg.rf.285d718d2e4c03941035fba648f18161.jpg, 1
severe_413_JPEG_jpg.rf.277991737587ddb9fe945e0c7427552e.jpg, 1
akhand_b43_544_jpg.rf.2afee6103ca19a186cde0c6444fce6c2.jpg, 1
test_set_124_jpg.rf.288ce2604ea1757c75e8adf71293db0c.jpg, 1
severe_423_JPEG_jpg.rf.283e29da9cf21214ca3f9514fe405c89.jpg, 1
severe_239_JPEG_jpg.rf.275c40a5db785786c7eba515f7eeb7b1.jpg, 1
akhand_b43_186_jpg.rf.2a6b38ddcff33be515bd8b1241f7b0d5.jpg, 1
minor_342_JPEG_jpg.rf.2aae6afa10f014edc565a80f5a83d30d.jpg, 1
severe_446_JPEG_jpg.rf.29ebc9c30c185c09aa14fcccad764ede.jpg, 1
minor_345_JPEG_jpg.rf.288df6b560b462133a13a5e86220360a.jpg, 1
23_jpg.rf.275bef1e8ce0621c099c7feca33783d3.jpg, 1
test_set_195_jpg.rf.2a0f24a4185e5da3af4d144b4baf20f0.jpg, 1
83_jpg.rf.2a63e8df97b38010a7702e476179bdc2.jpg, 1
severe_455_JPEG_jpg.rf.28bc9389642432ac1fc6def5cfeccb13.jpg, 1
minor_12_JPEG_jpg.rf.2a82467c2b67d88273c0bb952c7c326f.jpg, 1
severe_21_JPEG_jpg.rf.28f01939ed809fdfb244dcffddd75b53.jpg, 1
severe_55_JPEG_jpg.rf.2903c770647b593ca5a00e2999b3d3fd.jpg, 1
minor_57_JPEG_jpg.rf.2af7b7ec5429c53e53171fee5af5cf96.jpg, 1
severe_511_JPEG_jpg.rf.2b508d722895a0fa1c653219255843ac.jpg, 1
akhand_b43_596_jpg.rf.2ac9d8186132a693418697e33534742a.jpg, 1
142_jpg.rf.2ac1ce5bdb5e7445fa429fcc4c7c08f0.jpg, 1
severe_534_JPEG_jpg.rf.2af717630f5e6450dcfec6eaf4a0a5d3.jpg, 1
severe_421_JPEG_jpg.rf.284f0c8fccad9a8b3e703b1221d3fe57.jpg, 1
minor_105_JPEG_jpg.rf.2c3861f50808aae6e687d9ffb5feca2b.jpg, 1
severe_353_JPEG_jpg.rf.2cb71d490418e9c2aeb09d377933125c.jpg, 1
minor_174_JPEG_jpg.rf.2bd142996c02c8ad604885da3a1ce509.jpg, 1
severe_166_JPEG_jpg.rf.2dca1682d7b378404f17dd8fe591b091.jpg, 1
minor_354_JPEG_jpg.rf.2df54edf27aa4a44f8b7f618a5ab12c9.jpg, 1
severe_274_JPEG_jpg.rf.2c578e933fc873214598bd9a3c27b214.jpg, 1
akhand_b43_40_jpg.rf.2b878b1b0e4e56820ac9b6d35b96c44c.jpg, 1
akhand_b43_522_jpg.rf.2cd5d2375897b7e64e5197e6b13ab27a.jpg, 1
test_set_90_jpg.rf.2c0d442dacd7da16ac37b10a43da9f02.jpg, 1
minor_87_JPEG_jpg.rf.2ed7e9c5bed6e26cb1c37097a243acf8.jpg, 1
akhand_b43_273_jpg.rf.2f489999edb1f1e7e7039698f107ebe1.jpg, 1
severe_484_JPEG_jpg.rf.2e79dce25f22b603e43d80f0b5137e7c.jpg, 1
severe_187_JPEG_jpg.rf.2e3f7e4d409544fd93d19b00b544233d.jpg, 1
coco18_jpg.rf.2fbe826841aef8421b134865d8a28180.jpg, 1
33_jpg.rf.2ff06b58d90677ede333d96ba67c8e34.jpg, 1
test_set_33_jpg.rf.3055f23ae2e5e5832e7138bb585f65c2.jpg, 1
severe_391_JPEG_jpg.rf.2f9bd8a865b233273cefe5e848eb0618.jpg, 1
akhand_b43_194_jpg.rf.2c6570952e7cba1fcd7306740d2699c4.jpg, 1
minor_275_JPEG_jpg.rf.306d0629ac260a7c7ed925216984f9fb.jpg, 1
akhand_b43_414_jpg.rf.2dbe996324b9f8de078d8133a66a4358.jpg, 1
severe_34_JPEG_jpg.rf.2f9f8ec14a2ac40496c68f6a77e73a0f.jpg, 1
minor_319_JPEG_jpg.rf.2e5b3caac9f2f5726c68bbd8a112b79a.jpg, 1
akhand_b43_585_jpg.rf.2ea1d36a83ecbf9a28e16ac425695c87.jpg, 1
severe_117_JPEG_jpg.rf.2d5c0f4d2bc60e9fb4368852210e9cf8.jpg, 1
akhand_b43_31_jpg.rf.2d38978d5aaf3916e4176df287d82c2c.jpg, 1
minor_155_JPEG_jpg.rf.30769585667b9551e043423771fc23ab.jpg, 1
166_jpg.rf.307ca395653faa4bf1e9dc7fba2c8aed.jpg, 1
severe_13_JPEG_jpg.rf.3076994de0f400a35be1a54d49c43b43.jpg, 1
severe_135_JPEG_jpg.rf.2c04587be28a889994277000d95f0e4f.jpg, 1
minor_375_JPEG_jpg.rf.30cf40cbe246f79134a4b294f44729a2.jpg, 1
akhand_b43_357_jpg.rf.30f0ea46b3ddde9aa50610feeb82a69e.jpg, 1
minor_141_JPEG_jpg.rf.31bd3cbeb36618360afb637cb698aad1.jpg, 1
severe_271_JPEG_jpg.rf.309ada7cb4a4a105d86315abba699c1b.jpg, 1
severe_487_JPEG_jpg.rf.30d573cb71b8da41d2b50a6cb936acd3.jpg, 1
akhand_b43_153_jpg.rf.30eb5324e41b19feda2b5e3921fa6103.jpg, 1
severe_580_JPEG_jpg.rf.3246ee9213e731eb341765ac17422248.jpg, 1
minor_82_JPEG_jpg.rf.31a1b9d8d3f94c37349b445d4d197758.jpg, 1
severe_473_JPEG_jpg.rf.314f3dd5293f3198739866b3e2df08b5.jpg, 1
akhand_b43_427_jpg.rf.319c9e4c239c67ef0370a03640099626.jpg, 1
severe_476_JPEG_jpg.rf.31deec29af157c90ed43b4df68536f33.jpg, 1
severe_430_JPEG_jpg.rf.3284ba03fa52bce6ef530cdd3ecc9b4a.jpg, 1
minor_436_JPEG_jpg.rf.3354896477950dc495dc35622ceed1b0.jpg, 1
akhand_b43_199_jpg.rf.3330861bb75977fd597ac679fd5e30a5.jpg, 1
akhand_b43_181_jpg.rf.31c2ca01878dcffb8617c42c373f4d50.jpg, 1
severe_245_JPEG_jpg.rf.32ab764d34b90d51334b1a05dd449762.jpg, 1
minor_120_JPEG_jpg.rf.329e05ab6d4d21637551466ffa43f689.jpg, 1
coco10_jpg.rf.334a4d4982f025be833f4daeba4de9bb.jpg, 1
coco16_jpg.rf.33afad715e0ec0e464b8033e458f5464.jpg, 1
akhand_b43_196_jpg.rf.327b21c53a4a631bb6ee0e2c4b2e28fd.jpg, 1
minor_192_JPEG_jpg.rf.34ba1cb4f38a7b9d76581b17d26416a1.jpg, 1
30_jpg.rf.3478e23a60dba8c7e3018d1d0deece60.jpg, 1
test_set_56_jpg.rf.34074b95f55aea0896013cd1669db301.jpg, 1
severe_552_JPEG_jpg.rf.31ac75a144b2b7cb910cdf5bc62e6562.jpg, 1
minor_428_JPEG_jpg.rf.35ba9103d247e2cb6f6190fa89398c72.jpg, 1
severe_311_JPEG_jpg.rf.33ea5ab98988f5ff33632ca0ef9a3338.jpg, 1
minor_306_JPEG_jpg.rf.311a74c8e5381d0ef189e7e9f10dfd36.jpg, 1
severe_178_JPEG_jpg.rf.32bea6b1ef0f5b6cebf61c689658dded.jpg, 1
akhand_b43_360_jpg.rf.332257ca60621270fcf700c3adf4f3c6.jpg, 1
test_set_146_jpg.rf.354631093b78de6df77d010cb5ed4cb2.jpg, 1
akhand_b43_98_jpg.rf.3439d9a02ec74e587fbe427e49204be9.jpg, 1
severe_84_JPEG_jpg.rf.33eaeda8fd56fab2131a7f4743ec63c8.jpg, 1
akhand_b43_488_jpg.rf.328a21fc6a003cfbe36f0a721b7a11fd.jpg, 1
minor_252_JPEG_jpg.rf.34c289962068333b17a0c25f4bc4729b.jpg, 1
severe_153_JPEG_jpg.rf.3227286a793d362791c70fc05508aa80.jpg, 1
akhand_b43_420_jpg.rf.3575fd2714dacd1da980f0fdd3d0a63c.jpg, 1
severe_16_JPEG_jpg.rf.3560c7d6f2fb5dbc190bd268b71ea24e.jpg, 1
minor_203_JPEG_jpg.rf.3648b68644ea731b9a8fb82fc879d265.jpg, 1
minor_145_JPEG_jpg.rf.36fd5595239b150e0a1e85268a2cabb7.jpg, 1
akhand_b43_245_jpg.rf.3810ee1ef5bdd8358016c97be8bc65fe.jpg, 1
severe_411_JPEG_jpg.rf.3643e096f5ff0948c858b90e3991ac25.jpg, 1
test_set_156_jpg.rf.36c94e20a677173e390afdeb52a0c70f.jpg, 1
severe_417_JPEG_jpg.rf.364d6ee1a257f40a5c27a5d325364b5d.jpg, 1
akhand_b43_203_jpg.rf.33bedfcf4f1b80718654a26e35f6f6e1.jpg, 1
akhand_b43_195_jpg.rf.38cf507d0e75bc5568ad97ef71b998e0.jpg, 1
akhand_b43_298_jpg.rf.37d59fa63f8241e224280c5533a64f41.jpg, 1
severe_443_JPEG_jpg.rf.36c9d4182a7f01f0b3d5636a89a0d32d.jpg, 1
akhand_b43_305_jpg.rf.394a2405141e3024e162fcfd9e02c02f.jpg, 1
101_jpg.rf.36d20d144447b8d44a5272cafb53a733.jpg, 1
severe_530_JPEG_jpg.rf.36a7669f1682bfc7ce0f3ee3d62fe378.jpg, 1
akhand_b43_418_jpg.rf.3811c31c92154ee0bce12b04b8b53cb0.jpg, 1
140_jpg.rf.36d6b6eaaa4475536e6c9412c0aafcb3.jpg, 1
minor_70_JPEG_jpg.rf.39cceec866fdaa76928fe07dd72aaeb2.jpg, 1
20_jpg.rf.39bc2eaac42e99425c005a8314758f71.jpg, 1
90_jpg.rf.395a18dc0e1bbd9c775954aebb6549fe.jpg, 1
akhand_b43_29_jpg.rf.396e2e8a5ed87b7dca258a699035e7c9.jpg, 1
117_jpg.rf.3729a7c48b163973bc8997a98382e97c.jpg, 1
test_set_137_jpg.rf.373bc169f87e6d7a9f6d7d5dadb803cd.jpg, 1
severe_448_JPEG_jpg.rf.3a7cb82ac7d102fc0688331376dd2ca2.jpg, 1
168_jpg.rf.3a8e388a34db71f270accebf27906fb0.jpg, 1
minor_173_JPEG_jpg.rf.39f0e0857099cf02a526d028857c2b69.jpg, 1
test_set_100_jpg.rf.3b44b80f56683cb971f0548289f8f6e8.jpg, 1
akhand_b43_473_jpg.rf.3b9514298ce5df4731e195eedfb1f0e3.jpg, 1
74_jpg.rf.3857dfdacd32ad0eb675ca6e2bce1a29.jpg, 1
akhand_b43_296_jpg.rf.39fd6778406bfedb2b938a4ff7f9ad4c.jpg, 1
severe_108_JPEG_jpg.rf.3a608fe8ea44fd9d90bf8628c4e2056e.jpg, 1
severe_482_JPEG_jpg.rf.3bb80e96e4c5132488f7a1374be42241.jpg, 1
severe_568_JPEG_jpg.rf.3a0e63a8f895a15c55fac3d855881d35.jpg, 1
100_jpg.rf.3b4e805548e4708a8f9ca7637f69d5fd.jpg, 1
minor_265_JPEG_jpg.rf.3bee12d7806bf924571339211823167e.jpg, 1
minor_277_JPEG_jpg.rf.3bbd20f7ca31302ded6523c938345814.jpg, 1
akhand_b43_415_jpg.rf.3c6b4f55a9505c3b44e9a3620d12bc6c.jpg, 1
severe_307_JPEG_jpg.rf.3ce27fa529591e5c3317ae8f8a89cf10.jpg, 1
test_set_74_jpg.rf.3cdb9562018ebc0ec60f6fd05cc39d87.jpg, 1
minor_193_JPEG_jpg.rf.3d95e9f5747a8b808a7349e36d5ed43e.jpg, 1
akhand_b43_529_jpg.rf.3bc4e3cfee7e5987d79d96eada1115a2.jpg, 1
minor_241_JPEG_jpg.rf.3d2dcdea70e9f7a37f9a9c5bd021f7aa.jpg, 1
minor_64_JPEG_jpg.rf.3e8b79dfaff574efcbe21f968eac11ca.jpg, 1
minor_270_JPEG_jpg.rf.3d01491fd3e58c1158b46f577e3b8b2c.jpg, 1
severe_120_JPEG_jpg.rf.3d0b76b1c657a39039f36050f7612e5a.jpg, 1
minor_121_JPEG_jpg.rf.3bfafff9c338b3da0e11c70dca5150fa.jpg, 1
minor_261_JPEG_jpg.rf.3d1389d0680210a4d0c020fdadd7ea0e.jpg, 1
21_jpg.rf.3d31315206a6f728f92290ae965dc2a0.jpg, 1
akhand_b43_419_jpg.rf.3ecac8b94df0be5dc71cf4ef97d4e3f7.jpg, 1
severe_358_JPEG_jpg.rf.3e20b40c6d8b5163d4c81719c1889a6f.jpg, 1
minor_186_JPEG_jpg.rf.3c836c79e3785b960a897479778a1597.jpg, 1
akhand_b43_262_jpg.rf.3ca50460e19784349b1cb431fb75f65d.jpg, 1
minor_19_JPEG_jpg.rf.3c0f2f5d7877ced6fab0834ac2718a99.jpg, 1
akhand_b43_255_jpg.rf.3ebb3c4639ead423fc88d5afd50b248e.jpg, 1
test_set_26_jpg.rf.3d78b7e7c4100afe615f6fff13d3c6a2.jpg, 1
31_jpg.rf.3e2bbf71919f028cb39da59051444119.jpg, 1
akhand_b43_140_jpg.rf.3e38b3ccb43d34dfdb431be48d0812a4.jpg, 1
severe_458_JPEG_jpg.rf.3f0dc036b922a4ccd0ad40d8973374fa.jpg, 1
47_jpg.rf.3ef2b6a8acdfe5e8773b8373c74975d8.jpg, 1
severe_300_JPEG_jpg.rf.3f001681e2d06c79d869ac1a616e36bb.jpg, 1
severe_548_JPEG_jpg.rf.3f657d8407e465950cf36de2e2e717a6.jpg, 1
severe_374_JPEG_jpg.rf.3f1f0091c09cd2b28129fc90d0dea165.jpg, 1
severe_496_JPEG_jpg.rf.3eacefeab968e575677265f94a365840.jpg, 1
akhand_b43_487_jpg.rf.3efddd5754b4eeb9bfe0ecdfbfa3be04.jpg, 1
severe_557_JPEG_jpg.rf.3ff15ee32c89d5f439cfdbe8b6ea833d.jpg, 1
akhand_b43_8_jpg.rf.3faf651f80a01119c05ecad2ef50e7db.jpg, 1
akhand_b43_366_jpg.rf.3fc88e01480924d0913ba11ee070ecd0.jpg, 1
severe_468_JPEG_jpg.rf.3ff8d218b8940abca8c6bced35837c1f.jpg, 1
akhand_b43_451_jpg.rf.4082704a569330e999a93c21b99b1bad.jpg, 1
minor_98_JPEG_jpg.rf.40405325569e91de819e495526d2bf6d.jpg, 1
severe_434_JPEG_jpg.rf.40920b0d9ed9337e6f5720605ad70ce3.jpg, 1
akhand_b43_557_jpg.rf.40e72de7187be88800c45d3ebd827e4a.jpg, 1
akhand_b43_361_jpg.rf.411092b9a72e1ebf9bef11881546a21c.jpg, 1
severe_235_JPEG_jpg.rf.4248e6491350ff82acf461413e8b3c0b.jpg, 1
akhand_b43_504_jpg.rf.40d1b611687d5686338a897e7c483be6.jpg, 1
severe_440_JPEG_jpg.rf.419f2b4859ff22af1fb46c4e9620c762.jpg, 1
akhand_b43_264_jpg.rf.423a8217437fc094197c88265c666ffe.jpg, 1
severe_223_JPEG_jpg.rf.41ae9827fc82b2d6750b6368bc5a9267.jpg, 1
coco7_jpg.rf.417ab68d77e5e58ba4502ab08bae4d3b.jpg, 1
minor_159_JPEG_jpg.rf.4093fc10781a957282571ea310d106e8.jpg, 1
32_jpg.rf.41e0a96deb4e2b2ee4d887e6eb25a45e.jpg, 1
minor_188_JPEG_jpg.rf.421d5b481cc7fe15d5a7b34c16109837.jpg, 1
test_set_134_jpg.rf.4243bfa20f8db9f66f7141d1eb759f84.jpg, 1
minor_437_JPEG_jpg.rf.42718682c76a5418f6967bb8d02702a7.jpg, 1
minor_246_JPEG_jpg.rf.416bf9e8ff91263ee03e6e1d6c3ee3ae.jpg, 1
severe_249_JPEG_jpg.rf.4214d3a5ebca4fc1ce10f2b0411fe701.jpg, 1
minor_34_JPEG_jpg.rf.42613aa10070b83b4508cb6878aa7108.jpg, 1
test_set_163_jpg.rf.4238784f4cf09db881cfc578b9f4f173.jpg, 1
severe_310_JPEG_jpg.rf.4286c2da76efbba3a611a00b06a59462.jpg, 1
minor_13_JPEG_jpg.rf.404bb223ec32c71056c95285972455a2.jpg, 1
severe_63_JPEG_jpg.rf.427fea3a4417e6fb453088684dec54b4.jpg, 1
severe_208_JPEG_jpg.rf.430b6e2993e908660ee9dbd58163521f.jpg, 1
test_set_101_jpg.rf.430df3c8a41b443b90cf7141e14d9fab.jpg, 1
severe_386_JPEG_jpg.rf.41c99b7a8b07b312004450047a8117e2.jpg, 1
severe_396_JPEG_jpg.rf.4192d53545ef52ef228cd7a0c8901e8e.jpg, 1
akhand_b43_345_jpg.rf.4369cfef6baee39541bb8aa23aa3c55e.jpg, 1
minor_58_JPEG_jpg.rf.437ec453579d5c6d5af60e9d37c60934.jpg, 1
severe_567_JPEG_jpg.rf.4403bfbbba6a9f714725114bdaa9fc72.jpg, 1
minor_337_JPEG_jpg.rf.44f577cdfeb3677529b9dea14c712d20.jpg, 1
5_jpg.rf.4452794ce38a15f0d1141c1501517e05.jpg, 1
severe_270_JPEG_jpg.rf.4520f56b3e6badc0809a0df79071c800.jpg, 1
test_set_149_jpg.rf.44e105fed8b6db631bd04aff00671209.jpg, 1
severe_477_JPEG_jpg.rf.4743bb7bebd139016371456f87d24785.jpg, 1
minor_209_JPEG_jpg.rf.46562e545a64028e0cf59df5cca4f546.jpg, 1
severe_91_JPEG_jpg.rf.476e12fa986e8bd441298c240b9b9abd.jpg, 1
test_set_159_jpg.rf.442df179ab0e58991b244b8e04329762.jpg, 1
minor_364_JPEG_jpg.rf.449156cbecee93e669c689c80abadf96.jpg, 1
minor_231_JPEG_jpg.rf.474f393662ed833e86440431ace8e3c0.jpg, 1
akhand_b43_513_jpg.rf.466c23f7c647c486d0eef686f4620047.jpg, 1
minor_245_JPEG_jpg.rf.45f6f1341f467182a48b3ffcf9e4a576.jpg, 1
akhand_b43_221_jpg.rf.46d2b1f69ae9700d287577d90c7b75bf.jpg, 1
minor_149_JPEG_jpg.rf.46c25ccd4c9386e9efc16647921e7329.jpg, 1
minor_410_JPEG_jpg.rf.46188a34055b235d2ece0a997b870234.jpg, 1
severe_255_JPEG_jpg.rf.43f6aaf673a38a74655c2457c2faec46.jpg, 1
minor_197_JPEG_jpg.rf.472d16814528226670c73a6e42f7d537.jpg, 1
75_jpg.rf.480375a083b5612e9c5bd8e44115c90c.jpg, 1
severe_48_JPEG_jpg.rf.470556d90ca75c4d2e0a255f3432625f.jpg, 1
akhand_b43_167_jpg.rf.4792e186644a0023d88c202c24bdb8f8.jpg, 1
test_set_145_jpg.rf.47d3a6eaf99f1ae8b21ba38a5d7190c4.jpg, 1
minor_421_JPEG_jpg.rf.47b35a6aff7e86445e6ce9e70ac0e820.jpg, 1
severe_247_JPEG_jpg.rf.45086e6ad364e1da4bc169264cc7384c.jpg, 1
test_set_187_jpg.rf.46ca3807b57bee8c24e578aba85814c0.jpg, 1
coco37_jpg.rf.477c65886c69812f5237c1509a3f4907.jpg, 1
minor_307_JPEG_jpg.rf.4858b0f0801113005488fdd8df6a377e.jpg, 1
severe_462_JPEG_jpg.rf.4837a28b3d3f826b8650e1d8fe39b3af.jpg, 1
severe_284_JPEG_jpg.rf.48546eef31a1bc96ed70597c29387780.jpg, 1
akhand_b43_36_jpg.rf.49429596b97a55d1bd04314e522e43e8.jpg, 1
minor_289_JPEG_jpg.rf.49002342a25be4f3c09c818f826ef168.jpg, 1
severe_505_JPEG_jpg.rf.49b57da8f81294e5be9752762c7e8765.jpg, 1
test_set_60_jpg.rf.45b362ee57be706f4633e33570e28e8e.jpg, 1
coco55_jpg.rf.4926eb8622ce53ee1e10d7d954e789af.jpg, 1
test_set_173_jpg.rf.48cde229c2be6910c4107fa1eec20624.jpg, 1
coco33_jpg.rf.49cdc1593b71d921cb379b6b459273d0.jpg, 1
minor_418_JPEG_jpg.rf.48702b5057cc4ea62490631380357b47.jpg, 1
91_jpg.rf.49026a11a0fda66086592f332f099b14.jpg, 1
106_jpg.rf.49cc7f0cb6888928add2de5f7883d1a7.jpg, 1
coco47_jpg.rf.4b093bd77d8465fb1dcafde5af6549fb.jpg, 1
severe_331_JPEG_jpg.rf.4bc38eafce6f2d0f9e264c9887b683ba.jpg, 1
test_set_69_jpg.rf.4b2cc9f52137d7a0d80a1a3e10cedf9a.jpg, 1
akhand_b43_300_jpg.rf.4a72aa6d5f5921a8bafebe15d4a2b53a.jpg, 1
akhand_b43_227_jpg.rf.4cdc872777baaff221121da71d443e77.jpg, 1
103_jpg.rf.4b692c8444edff6d3b754c3204ae630a.jpg, 1
minor_344_JPEG_jpg.rf.4b546ef8593626fd817a7a8d85825a9b.jpg, 1
severe_429_JPEG_jpg.rf.4cc457c973ac27a794ae1d8daa368215.jpg, 1
severe_179_JPEG_jpg.rf.4b0639d6c143a96bb094f686ab1b5ec1.jpg, 1
severe_186_JPEG_jpg.rf.4ba8c3e41e74aefeba73ba9330009868.jpg, 1
akhand_b43_257_jpg.rf.49df86fed882eabceb2295d476a6514e.jpg, 1
severe_461_JPEG_jpg.rf.4a604f0e884ef7d00052c4993c1b5697.jpg, 1
akhand_b43_224_jpg.rf.4c33702500a8a561c453a023dca85ee9.jpg, 1
136_jpg.rf.4b415afc00532763b6e648cc87f67755.jpg, 1
minor_393_JPEG_jpg.rf.4ab3e03c906e4c04c2a65ce07e704579.jpg, 1
severe_382_JPEG_jpg.rf.4a09bfed7905001dadcbd8704eb5336c.jpg, 1
minor_104_JPEG_jpg.rf.4b2f7aa2207bdb79ce734b9676c3e61d.jpg, 1
severe_227_JPEG_jpg.rf.4bcfa5fbe4236a1d6e7721375a2d47b2.jpg, 1
akhand_b43_467_jpg.rf.4c0d56d3e34033768ed09b8e1443b08a.jpg, 1
minor_403_JPEG_jpg.rf.4b0536dc8d05f202febbaa6e44c3acb0.jpg, 1
severe_293_JPEG_jpg.rf.4c04a2cee5301df4da6466456cc1dd9a.jpg, 1
severe_320_JPEG_jpg.rf.4c54e11bdf1853e6b706e7b465ba8b1d.jpg, 1
severe_195_JPEG_jpg.rf.4ca00edad75935eaddf24d193d429cd2.jpg, 1
test_set_4_jpg.rf.4c446019f32224e25956cc186d4ffe6a.jpg, 1
minor_214_JPEG_jpg.rf.4cb4e69be443efd79501df309dc4f73a.jpg, 1
severe_224_JPEG_jpg.rf.4e71040ded3cdefb51c4f2111c0694a3.jpg, 1
severe_259_JPEG_jpg.rf.4d1fb36be22fb372deb42510fb843cd0.jpg, 1
minor_288_JPEG_jpg.rf.4ee8198b768f42cfdac88b43c8a96002.jpg, 1
severe_354_JPEG_jpg.rf.4e6696ebcc2cb00b4c195b334e6cdc2d.jpg, 1
severe_340_JPEG_jpg.rf.5062f61bb9e96c59a1d8f9f0013f840e.jpg, 1
minor_139_JPEG_jpg.rf.5029e5550e1a346a4f3d297a0a626d6e.jpg, 1
severe_5_JPEG_jpg.rf.4cf8ff477d934f9517f99b96a221145e.jpg, 1
severe_350_JPEG_jpg.rf.4d60f756e143e1c155ca1036aa611385.jpg, 1
severe_538_JPEG_jpg.rf.4f9b5f316f58fb0f7af1732590a4a55d.jpg, 1
minor_293_JPEG_jpg.rf.4e574282ab46ecaa04635e50bfb2bc69.jpg, 1
akhand_b43_214_jpg.rf.50b8a05464754a58085b14a6f62d09a5.jpg, 1
severe_325_JPEG_jpg.rf.4fe0c54cad5ffcf22d7c4a4729e1bb07.jpg, 1
minor_30_JPEG_jpg.rf.4df20b7d0bc222beedf7e9321adc8a6f.jpg, 1
coco51_jpg.rf.4ec035269cdf2a6d79ee7a7e5973c2c8.jpg, 1
severe_216_JPEG_jpg.rf.4ed1e452639e9dfbc11364f85ee7738a.jpg, 1
139_jpg.rf.50efc98d4e666d32ef43df3012f94d74.jpg, 1
akhand_b43_577_jpg.rf.4e99934172a650491cc79d39375c37c9.jpg, 1
test_set_48_jpg.rf.511044ac148254f7a3b597fc807aa7f2.jpg, 1
severe_1_JPEG_jpg.rf.4f4517f14f96d9dd62c1f831a001a001.jpg, 1
akhand_b43_306_jpg.rf.50aba55f3b64f7527a0d56554023e825.jpg, 1
akhand_b43_498_jpg.rf.4ebb5b6c7e824aeea0371b2b9af1539b.jpg, 1
minor_212_JPEG_jpg.rf.517408fc2db041b49a9366cace9a8eed.jpg, 1
akhand_b43_276_jpg.rf.5247476bc825caa284efe61d4578321c.jpg, 1
severe_351_JPEG_jpg.rf.516fb137e15fbbff1f16dac9a17e1cad.jpg, 1
severe_497_JPEG_jpg.rf.50bfbddff7b701be3ef88cfb493f82e0.jpg, 1
akhand_b43_103_jpg.rf.52b16e3db987f38589712900125c3fb6.jpg, 1
coco36_jpg.rf.530b01c0314205164b31b57047fb9b4c.jpg, 1
akhand_b43_378_jpg.rf.52d0769a83f3ca7347672940ebc7604b.jpg, 1
akhand_b43_383_jpg.rf.533fb520c854bb7e3227bc21396749e8.jpg, 1
severe_65_JPEG_jpg.rf.53140af29cb7d6e92dfacbd21b5589a8.jpg, 1
akhand_b43_534_jpg.rf.5307620562750c01155884ebc4781814.jpg, 1
minor_233_JPEG_jpg.rf.518a43c450632580ea670d9dd4417f7e.jpg, 1
coco14_jpg.rf.5342dbfe608e1be9eab333c2eb1b7893.jpg, 1
severe_372_JPEG_jpg.rf.4f8ab2d30fa658485dcf67f713695763.jpg, 1
severe_454_JPEG_jpg.rf.53ea860a55b0b2cbbd45dddaa601ea8d.jpg, 1
62_jpg.rf.53d5f2bbebd37a046f8b860528f808bc.jpg, 1
minor_347_JPEG_jpg.rf.542ba31db2a50e08a5a765a7ab31ef02.jpg, 1
severe_228_JPEG_jpg.rf.5356d824d7b7b104753aa202fd65bef4.jpg, 1
severe_424_JPEG_jpg.rf.542a4cf8d66cb7921bf6c75ca2731f63.jpg, 1
akhand_b43_268_jpg.rf.539ffa7c4ca5682962c080d4bf412da7.jpg, 1
minor_358_JPEG_jpg.rf.551f873c34b7ff958d7d38bb4b211766.jpg, 1
minor_75_JPEG_jpg.rf.54eb575b598b8bcbd4a0a32251ff8304.jpg, 1
severe_314_JPEG_jpg.rf.5463137c37b37ff094889af3dab4aa23.jpg, 1
akhand_b43_413_jpg.rf.54d3303bc2c3c3b32f8c6be79bb35ea0.jpg, 1
akhand_b43_447_jpg.rf.5413a926bea0e74bb38c28565a15bdab.jpg, 1
minor_181_JPEG_jpg.rf.55ca4a40dadccf37db73bef835ab180e.jpg, 1
minor_86_JPEG_jpg.rf.54edf47f46f53e3d12a416356e72d6e9.jpg, 1
test_set_49_jpg.rf.551ed4573909a3bac91e3e9aabd836d1.jpg, 1
13_jpg.rf.545b4be10efb0006087eb6a7873a0efd.jpg, 1
minor_377_JPEG_jpg.rf.53fc12f7b89350da3b7d44b20c88f5f1.jpg, 1
minor_367_JPEG_jpg.rf.5663385bf33b1921f22ffe8e878df38d.jpg, 1
severe_512_JPEG_jpg.rf.53da9a9d3af3a0defc1bf002b4856dac.jpg, 1
severe_290_JPEG_jpg.rf.54dc242566a92e47456ef027cd1c98d9.jpg, 1
test_set_136_jpg.rf.538014cb0875b81134ebaf29112236b6.jpg, 1
minor_41_JPEG_jpg.rf.5659fde4b44cc53b9c0f1caf23601e2f.jpg, 1
akhand_b43_333_jpg.rf.54d6b28d8486b0f7dbe827e16f901e50.jpg, 1
minor_40_JPEG_jpg.rf.5654171c18c552c32c0b3a01d341be16.jpg, 1
minor_278_JPEG_jpg.rf.569525520ea1bef2507898b0dbd22cca.jpg, 1
severe_139_JPEG_jpg.rf.5629602fda8a889e5327ea7b2fb0b7a8.jpg, 1
test_set_181_jpg.rf.5673b6ff57db51a01ddecd3dc8d0a575.jpg, 1
severe_171_JPEG_jpg.rf.5616637d786f970bab886f38d1c1c14e.jpg, 1
17_jpg.rf.5671210123e61775411ac1f9231330e6.jpg, 1
akhand_b43_60_jpg.rf.57366f2b5e6077d2d21e9abcdaec2317.jpg, 1
minor_183_JPEG_jpg.rf.57034c1da10ccbf4a7b6170cb2e0b28a.jpg, 1
coco31_jpg.rf.580c4d23b9335e0ae4cb76cfd9c8045b.jpg, 1
akhand_b43_327_jpg.rf.57d6f3e2d2be3f6796ce6e168a840992.jpg, 1
50_jpg.rf.5867ff6a673ef3616b7844e1e453a246.jpg, 1
test_set_68_jpg.rf.5a20cac5daee7df3eca33e03b7187e3b.jpg, 1
minor_372_JPEG_jpg.rf.5a1b57751ca348155aa79a3854e013c6.jpg, 1
coco77_jpg.rf.58c23c74640654e8a6680e2dfb3d23bc.jpg, 1
severe_264_JPEG_jpg.rf.5953942a1bd5c364ff33146233e5beb3.jpg, 1
akhand_b43_325_jpg.rf.59075e75f47416a4dffbb1f457ab96fc.jpg, 1
minor_238_JPEG_jpg.rf.57a9070a89dea21f08d2f60649649958.jpg, 1
test_set_94_jpg.rf.57556b46db41c91c64e3f39860d8fac9.jpg, 1
minor_229_JPEG_jpg.rf.58a912de2339e7284f3139082df32dc7.jpg, 1
test_set_154_jpg.rf.5a27ea77b601dabd2c5efdb18a2a1f1a.jpg, 1
akhand_b43_485_jpg.rf.573c11eb0d015da537a02d90076b73c3.jpg, 1
88_jpg.rf.5a4039a2a5f7b81fe0938daf35b7d184.jpg, 1
minor_142_JPEG_jpg.rf.59e80085973d4928b227ed9766d121ed.jpg, 1
minor_419_JPEG_jpg.rf.5a0dfa48093d368073a49a6174e6a1cd.jpg, 1
akhand_b43_448_jpg.rf.5720c96c2b7a96d6221571df3f53649b.jpg, 1
coco43_jpg.rf.569cb93dd6a32da6b7b80c6791ce83c6.jpg, 1
akhand_b43_232_jpg.rf.5811ad8ba03c5666fb9799f314d2b05c.jpg, 1
akhand_b43_269_jpg.rf.59ab49f1b63cfa513d6c5b8ce3d09b47.jpg, 1
akhand_b43_351_jpg.rf.5ab540aa31c0e9c967c9e94a7888dfc2.jpg, 1
akhand_b43_567_jpg.rf.5a9e6719d452c16f37a71e2425ded55d.jpg, 1
akhand_b43_243_jpg.rf.5ab2d89febdfd6ad4e7eb4697ac275c3.jpg, 1
akhand_b43_118_jpg.rf.5ab35d18e42372653c0aef678a52fd1a.jpg, 1
test_set_83_jpg.rf.5a7e09c19a8c16967d52e7000e28fed4.jpg, 1
116_jpg.rf.5b908320944671ff5d330b127e4aaace.jpg, 1
severe_378_JPEG_jpg.rf.5b01938e02c2c9a23f10e1efab39e066.jpg, 1
test_set_46_jpg.rf.5b81fec8ac88d9d84658cea7dc9c35ee.jpg, 1
akhand_b43_26_jpg.rf.5b8359dae3c88fce4facbd4c3dbd1836.jpg, 1
akhand_b43_563_jpg.rf.5beea0345d0c24166eb82141ea3b05e9.jpg, 1
29_jpg.rf.5bb2cba4f3bfae754d43041629f334c2.jpg, 1
severe_427_JPEG_jpg.rf.5ed0569c215b853018c49e67157cd1c2.jpg, 1
66_jpg.rf.5b45150a8f28e15d7459fda494e47eee.jpg, 1
akhand_b43_16_jpg.rf.5bb01031a20ac7ed613e4e32e67e643e.jpg, 1
akhand_b43_223_jpg.rf.5d97e3703da4727ee601fc4b0103eb0b.jpg, 1
test_set_140_jpg.rf.5c9383a9efb0aca4d010314297d6aced.jpg, 1
minor_411_JPEG_jpg.rf.5e671b299672721573f064e2823d1d9b.jpg, 1
minor_416_JPEG_jpg.rf.5fb61240d15793179ada2950695e74b1.jpg, 1
severe_508_JPEG_jpg.rf.5b3e2540070c8ba1cc4b639f7f51f1e0.jpg, 1
severe_285_JPEG_jpg.rf.5dcb690b7ea1a2e5923f6893f7487e67.jpg, 1
153_jpg.rf.5e4482fb739afb8db51f8bd18a49136f.jpg, 1
minor_132_JPEG_jpg.rf.5f8d2e5fe1a9229103fde8cf9f5ae494.jpg, 1
minor_93_JPEG_jpg.rf.5fb81ee07f4c416b648434d3baa93443.jpg, 1
test_set_2_jpg.rf.5e614e5dc2c78de0f03a9414a74acb36.jpg, 1
severe_87_JPEG_jpg.rf.5dfd95077d6515ab27f929f9aa852db7.jpg, 1
akhand_b43_444_jpg.rf.5c838f51d4ae857dfd4f3c65ea0c361c.jpg, 1
severe_582_JPEG_jpg.rf.5e5fe899e3fed57fcf9c87cf1a9b7f0f.jpg, 1
minor_409_JPEG_jpg.rf.5d0f4b264cbfd41963275e73393f8407.jpg, 1
severe_154_JPEG_jpg.rf.5ef232f691cf49ba9c4e26832ecb22f2.jpg, 1
severe_24_JPEG_jpg.rf.5e71070d83d344b3e4eacb987ec64641.jpg, 1
test_set_129_jpg.rf.5fc81d564f0cb26a2311d4496d10c6ab.jpg, 1
akhand_b43_94_jpg.rf.5fb41facfe247f8a5897b866251f5cba.jpg, 1
minor_309_JPEG_jpg.rf.5e9024e8824c0c837af3662aa04a28de.jpg, 1
minor_301_JPEG_jpg.rf.5e9e72235b4636fb0749e80734bbeb7d.jpg, 1
minor_310_JPEG_jpg.rf.5c2df85ee5546b46a0a72e9cd47677d7.jpg, 1
severe_136_JPEG_jpg.rf.5fd9a192362dc3d451dbdb2d97515a78.jpg, 1
severe_148_JPEG_jpg.rf.5fe8670bc2c4b67fa09337ac6630d302.jpg, 1
akhand_b43_44_jpg.rf.5fea910c2d1cc88cad6ed3a9c221be5c.jpg, 1
akhand_b43_502_jpg.rf.5ff879e44feb3935a7b809d50f526809.jpg, 1
akhand_b43_392_jpg.rf.60279f83f1d735476e33c9e03dd3ea4c.jpg, 1
coco23_jpg.rf.601369ec78fe38ae102dc3a13d056580.jpg, 1
akhand_b43_426_jpg.rf.600b974863181e605e40e93bc4f5553f.jpg, 1
akhand_b43_564_jpg.rf.609a16da06dd590f2d40a5fb20036a08.jpg, 1
16_jpg.rf.601291374b65a12239070c8c6d74d35b.jpg, 1
akhand_b43_368_jpg.rf.608d79519f7b31531d51b500fd0c3390.jpg, 1
severe_490_JPEG_jpg.rf.60c6ea6af1dd5535f34e1f90814bc386.jpg, 1
severe_334_JPEG_jpg.rf.60b3ce36146642b4beb96c22901d6c48.jpg, 1
akhand_b43_493_jpg.rf.615d56f1332b81efd19fc3d5566e7802.jpg, 1
akhand_b43_49_jpg.rf.6144374ec4123646fa6e727e9053d564.jpg, 1
minor_360_JPEG_jpg.rf.61e1cb19ac586ab9393e0a9a899a84ba.jpg, 1
minor_251_JPEG_jpg.rf.633e442700b24ca9e03b396da865466e.jpg, 1
akhand_b43_197_jpg.rf.6274551c30f0dfc9f70eec6fd0d63530.jpg, 1
severe_381_JPEG_jpg.rf.6396c49bb0d7c73579866e5d541ddaf3.jpg, 1
akhand_b43_352_jpg.rf.63bc947a331e1f1d6d599a23b065c2c5.jpg, 1
test_set_14_jpg.rf.60dccfdbdc6003bda199a93a736ef47b.jpg, 1
minor_302_JPEG_jpg.rf.62c671f83856e3b3f04ef69e713dda25.jpg, 1
severe_131_JPEG_jpg.rf.63d62ab23d30eddf1babac6d95eab08c.jpg, 1
minor_115_JPEG_jpg.rf.638199a5bec170fe9309ec2ca097ceeb.jpg, 1
akhand_b43_356_jpg.rf.610adfd436c75ac41c3fc1d42e2ebc23.jpg, 1
severe_486_JPEG_jpg.rf.62721b6a03af2cffc44a5f134ab3b72c.jpg, 1
test_set_125_jpg.rf.6229181f975aaa13ff947c20ef88f0df.jpg, 1
coco58_jpg.rf.62d9d5a2fb5d8bfcccce79295a6d2121.jpg, 1
minor_271_JPEG_jpg.rf.6467585585ba74e56d27e7b77c80e9f8.jpg, 1
severe_23_JPEG_jpg.rf.641b34d5cbb41df66d69e906cde59e81.jpg, 1
82_jpg.rf.63df91aa0b81accb8254a7b77eadec04.jpg, 1
akhand_b43_101_jpg.rf.643ad473dfc80f1c6826211872a3edda.jpg, 1
severe_184_JPEG_jpg.rf.6408a48329e530ec5fdb96dfb4f40b3a.jpg, 1
minor_267_JPEG_jpg.rf.655594207ab7440863470b17e422eca8.jpg, 1
akhand_b43_180_jpg.rf.64fb84140f7cd9344516672fa6d8ceb4.jpg, 1
minor_268_JPEG_jpg.rf.648372951d430b124540f59fe61470f5.jpg, 1
akhand_b43_379_jpg.rf.6413ff9ef4b520a65c55e3175661b874.jpg, 1
minor_402_JPEG_jpg.rf.64506335f78fa4cb9f71db00dacc1757.jpg, 1
severe_524_JPEG_jpg.rf.66396b25fcb53f2494f38c5c4d292a38.jpg, 1
akhand_b43_549_jpg.rf.6711f2dd53824265b4cc16c06c7e4aaa.jpg, 1
minor_204_JPEG_jpg.rf.664051ccf1d8808cbefe53e2a32cc059.jpg, 1
severe_347_JPEG_jpg.rf.655256a2bcad6c2b184b6043313b8e9c.jpg, 1
akhand_b43_304_jpg.rf.642d3ae3910e8238b8f4ee7cb04f29ef.jpg, 1
severe_147_JPEG_jpg.rf.6218fa4e09bb4f98116dd308e8f3e037.jpg, 1
severe_521_JPEG_jpg.rf.63f1d38e7fe4c9e8b59dc8230be9008d.jpg, 1
severe_384_JPEG_jpg.rf.671a10e880b7956c63bfead01c48c460.jpg, 1
test_set_96_jpg.rf.66b7706530454b56a4255303f405d233.jpg, 1
test_set_143_jpg.rf.65937fed362d98a5aaa4a036bfef2542.jpg, 1
severe_127_JPEG_jpg.rf.660176dccd5582ca48d38e79d1c08e83.jpg, 1
severe_338_JPEG_jpg.rf.64b78df44d758e05325a95dfde564c1b.jpg, 1
severe_420_JPEG_jpg.rf.65747f9efc0ce3b815c283241b065791.jpg, 1
severe_207_JPEG_jpg.rf.67bb794d913b89947d4a8b8e5a76fb68.jpg, 1
severe_222_JPEG_jpg.rf.679c6300e54bc85190d9d7586281ce8d.jpg, 1
minor_353_JPEG_jpg.rf.6810f6718071ab3aa1e3d1921bbdda89.jpg, 1
104_jpg.rf.68709ea3e772287ea771226a7da96063.jpg, 1
minor_256_JPEG_jpg.rf.67669e90997274728cb9eed5d067a66a.jpg, 1
coco70_jpg.rf.6867c2d9168f7bf4dcf6d384ea80aea4.jpg, 1
severe_296_JPEG_jpg.rf.6706c37b02e1209e8ffaa44d53f0d5db.jpg, 1
severe_128_JPEG_jpg.rf.69965c05eba076f0c87da191df076117.jpg, 1
severe_40_JPEG_jpg.rf.67847ce10cdf646f6b93cf3303bfaba0.jpg, 1
severe_337_JPEG_jpg.rf.679ad1691d4bf0e01954b95526075af1.jpg, 1
akhand_b43_139_jpg.rf.665c4f4e18d1e8ad38c51efab687f7a2.jpg, 1
minor_300_JPEG_jpg.rf.69189598951f6f18ec890faaf234a61a.jpg, 1
severe_206_JPEG_jpg.rf.69abe4aecd2f6e6846e52cb1d7604859.jpg, 1
minor_134_JPEG_jpg.rf.693164a57404c0d35b6ba0841d3fd2c2.jpg, 1
minor_157_JPEG_jpg.rf.68e1dfd4434356a897dd8090bc75519f.jpg, 1
severe_533_JPEG_jpg.rf.6a06207775d9677f7080171b2d092625.jpg, 1
minor_415_JPEG_jpg.rf.6a0bf66b2e498d081294148bc97a8857.jpg, 1
113_jpg.rf.683f2795d522dbb89bcc5332731d32b5.jpg, 1
coco69_jpg.rf.6a552724185b62cc48e8b1b16e530c0a.jpg, 1
minor_152_JPEG_jpg.rf.68bc3f71bd2715689f7b58be6d119c32.jpg, 1
severe_321_JPEG_jpg.rf.6976d375a31b39c66afb149cdd857610.jpg, 1
minor_222_JPEG_jpg.rf.6a67109faa9b3489c85c1e077c62dad5.jpg, 1
107_jpg.rf.67daa6296fd7047a254c1c269f62df40.jpg, 1
minor_99_JPEG_jpg.rf.6a5df5572484d0ec53747258e6b261e0.jpg, 1
minor_320_JPEG_jpg.rf.6a55c0bd2476369fd51b82ce7afb95b6.jpg, 1
severe_371_JPEG_jpg.rf.6889e0d887353f89c5ce41b58a602e9c.jpg, 1
test_set_180_jpg.rf.696048e27edea6a6e6c24665e470c0e2.jpg, 1
akhand_b43_73_jpg.rf.6a766c303dce69b74eea2c5ca5c3d664.jpg, 1
coco57_jpg.rf.6ba32dbcd529c3d445be2e99b015fcd6.jpg, 1
minor_407_JPEG_jpg.rf.6b4063e6ad82c66962a9dcec4fadeca0.jpg, 1
severe_517_JPEG_jpg.rf.6a8dc5fc236c4d1d174c7bf4b40e2222.jpg, 1
80_jpg.rf.6c036cb6dd6bde330291d7aac8ee6670.jpg, 1
severe_295_JPEG_jpg.rf.6bbf0a42f47190bd619812e24b21738c.jpg, 1
minor_405_JPEG_jpg.rf.6c3dec96db91f6bc142ceb0140ff3674.jpg, 1
test_set_160_jpg.rf.6b858425d71d1b76bf8b204d357bac4d.jpg, 1
akhand_b43_142_jpg.rf.6a2829b9e4c30cc06a03904f171fdc01.jpg, 1
test_set_89_jpg.rf.6bdbe5221410b8a6ccfddb70a66d953b.jpg, 1
severe_509_JPEG_jpg.rf.6aac9c47076d76a7eb16c63760d12c56.jpg, 1
coco21_jpg.rf.6bf1fc6b82945e3cb8046211980d7a96.jpg, 1
severe_93_JPEG_jpg.rf.6b498d27267d3b1c8cb83500af08b61b.jpg, 1
severe_333_JPEG_jpg.rf.6ca02ad89f2928c4d739e65e142a243f.jpg, 1
minor_184_JPEG_jpg.rf.6c6debc6908d954698351d4d61c05832.jpg, 1
105_jpg.rf.6d595f3ad1fa11bf1004804ab4ddce7d.jpg, 1
akhand_b43_397_jpg.rf.6c52a2c7db63eb284cfe94b782cddc91.jpg, 1
test_set_189_jpg.rf.6d710b971e8a82243068264ef649696a.jpg, 1
severe_379_JPEG_jpg.rf.6c523ee40632a824d8b7a3a872ac3a8f.jpg, 1
akhand_b43_242_jpg.rf.6d4ac7cf066ceb2d3c833acddc397e59.jpg, 1
test_set_18_jpg.rf.6d3919c879e6bc700571c42295f7d722.jpg, 1
severe_146_JPEG_jpg.rf.6d1f45cfe780e22ff6f99f3464ca9d3d.jpg, 1
severe_107_JPEG_jpg.rf.6b96cdb073cd2feaf31fdac4b5bb4066.jpg, 1
minor_284_JPEG_jpg.rf.6d5b03f9f937c7f98cd16daf2f9faf0f.jpg, 1
test_set_151_jpg.rf.6d92933024bff76f86fe7fb38ee9421d.jpg, 1
severe_102_JPEG_jpg.rf.6dc9ccd0fdc529000ed8f580d8ca4024.jpg, 1
minor_350_JPEG_jpg.rf.6d0018c46d0e65fae1c8c4de87e1e5db.jpg, 1
test_set_164_jpg.rf.6db8ad5fd1e90e51bb2b374a503df212.jpg, 1
severe_288_JPEG_jpg.rf.6dc61a7a79b310f53c36bc53f3380e1b.jpg, 1
coco6_jpg.rf.bc6f475d12cd880523981834e26ce097.jpg, 1
41_jpg.rf.bd9a5abafa68829ed0733f4f980c3b69.jpg, 1
akhand_b43_343_jpg.rf.bc9cb0d524299d934ff0587514bd6279.jpg, 1
78_jpg.rf.be4742b64a346c11de671167a2e8a995.jpg, 1
minor_376_JPEG_jpg.rf.bbc6c38f0bb029965857ff2e29f27f43.jpg, 1
minor_94_JPEG_jpg.rf.befc9c1ebad8eaf6b6fab8c6646c33ab.jpg, 1
coco30_jpg.rf.be4a10f944b6c65ee0e2e3440f6d72e6.jpg, 1
test_set_120_jpg.rf.bbee5429f46c030401e7d58ab460edd9.jpg, 1
test_set_95_jpg.rf.bec84722b525ee33fe0c1b3d2d83c3bc.jpg, 1
severe_368_JPEG_jpg.rf.c05c73aae5631abff9026faf96f22f1c.jpg, 1
severe_61_JPEG_jpg.rf.bfbfcc67d9866e9e5acdc653035437c0.jpg, 1
severe_77_JPEG_jpg.rf.bd2b19be413540ec34129cfbf0c96e07.jpg, 1
severe_501_JPEG_jpg.rf.be78f082ac3f6cf211049ddb9d952193.jpg, 1
severe_180_JPEG_jpg.rf.bffb23deb8fc2d038ed4a74fe7197052.jpg, 1
test_set_138_jpg.rf.bff9354faafda2a72f1bced75ee2b265.jpg, 1
severe_542_JPEG_jpg.rf.bd273331f925346d45ac32ddaf9e540a.jpg, 1
severe_375_JPEG_jpg.rf.be77d6cf990d8184f5683ec41acc6682.jpg, 1
test_set_158_jpg.rf.bd92a398cfecb8e88ed654a5f1feaeb3.jpg, 1
severe_356_JPEG_jpg.rf.bbc96aec1796e510338f0c2010d95f81.jpg, 1
akhand_b43_313_jpg.rf.bd8816539a4f372d3a174d2cabb4aaf1.jpg, 1
minor_413_JPEG_jpg.rf.c02134a06273aa1f58396c4021947424.jpg, 1
akhand_b43_470_jpg.rf.bc04470f503490a917250a0ee31127be.jpg, 1
akhand_b43_207_jpg.rf.c14471c7f5a5aa53dc194afd6767eddf.jpg, 1
severe_370_JPEG_jpg.rf.bc6be04ac9e43bfc05f3d1d666121672.jpg, 1
3_jpg.rf.c15b1f29fc65ccc2376206247cb73a2d.jpg, 1
severe_360_JPEG_jpg.rf.c18598323c992f498695352630a16858.jpg, 1
minor_381_JPEG_jpg.rf.c24201f638110b5c29870fc21b7a3e35.jpg, 1
severe_359_JPEG_jpg.rf.c1d40d43a4712ae4245d8a6c41c416ac.jpg, 1
akhand_b43_99_jpg.rf.c1889410e46971b8973663347cf70656.jpg, 1
severe_126_JPEG_jpg.rf.c1a075bf230be3ebbda4126d0fdb2702.jpg, 1
akhand_b43_164_jpg.rf.c15ea900274a818ea91d185bc911d20d.jpg, 1
test_set_132_jpg.rf.c29aa18456705715678017f64eac9a08.jpg, 1
severe_485_JPEG_jpg.rf.c37e56a35397e2f0c022a37cc81791fe.jpg, 1
test_set_135_jpg.rf.c1d3ef107993c37cc7c88894134b70ef.jpg, 1
severe_233_JPEG_jpg.rf.c3423c497d6c65abf0e8e36a5acd60dd.jpg, 1
test_set_123_jpg.rf.c25c5fc247fb601e4e363ceae34bb78d.jpg, 1
minor_56_JPEG_jpg.rf.c3e31c34e85c9584cb61326909189e5d.jpg, 1
akhand_b43_5_jpg.rf.c19b59d35878dd396b5ebb483cc85d4d.jpg, 1
minor_146_JPEG_jpg.rf.c32468a74cca1711db74be346a5197e7.jpg, 1
severe_515_JPEG_jpg.rf.c32333d35f22fa99a60306c32ebe0caa.jpg, 1
severe_495_JPEG_jpg.rf.c3578699ba0ce944850c894c34682e94.jpg, 1
test_set_113_jpg.rf.c451faf883668935a6ab09beeeed1f28.jpg, 1
28_jpg.rf.c454ffcdbba9ee7165fd067683ae29a2.jpg, 1
severe_345_JPEG_jpg.rf.c28706b8c71024b77ffc3aaf414191c9.jpg, 1
test_set_193_jpg.rf.c38e19eed0730d9977f795b4894d5d89.jpg, 1
test_set_80_jpg.rf.c25da2bab6d973e3b1fa020e0929f549.jpg, 1
minor_113_JPEG_jpg.rf.c2d6188b0318400a8b850d4c79359938.jpg, 1
severe_346_JPEG_jpg.rf.c48018c7a23458c59d0607b332d3f7b8.jpg, 1
minor_7_JPEG_jpg.rf.c477e565194572cfbbc40ef1cd7bc44a.jpg, 1
severe_282_JPEG_jpg.rf.c45e52141e7fff6d87a3a6b24530bf0b.jpg, 1
144_jpg.rf.c2e20e116dce9225cd91dc2dbb0f712c.jpg, 1
severe_297_JPEG_jpg.rf.c4f6759b2ad703155a720ce4b66d10be.jpg, 1
test_set_8_jpg.rf.c5342904d5597114e5e35d1d00202000.jpg, 1
minor_196_JPEG_jpg.rf.c549d1614a351d0836d5d1efb87bb5b6.jpg, 1
severe_309_JPEG_jpg.rf.c6dc9331851f4f23e7cb2a2924b050a6.jpg, 1
akhand_b43_561_jpg.rf.c48ffcd2b81f98c20de58cfb2712cc9d.jpg, 1
coco49_jpg.rf.c491260416ae421039add041964fba16.jpg, 1
severe_54_JPEG_jpg.rf.c6b841a416767a9c99bd25453a20a897.jpg, 1
akhand_b43_295_jpg.rf.c6da1d475c8aff75f2649b99e987f5a8.jpg, 1
test_set_177_jpg.rf.c5b34c243f637340e316adc148de3081.jpg, 1
minor_66_JPEG_jpg.rf.c65dab06ea04b3d509a08f5f077afa26.jpg, 1
89_jpg.rf.c5d006fca814bbd5a8aa6cac78cdea38.jpg, 1
severe_57_JPEG_jpg.rf.c65ba588ea851ee9e1baf28227cf1944.jpg, 1
minor_202_JPEG_jpg.rf.c651f1f1d02d16865e1a3eeba24ca8a2.jpg, 1
coco59_jpg.rf.c8b444074e99c647c4d49ee0d0c3439f.jpg, 1
severe_565_JPEG_jpg.rf.c7e3b83b54b58c7479bfb63600e3d514.jpg, 1
46_jpg.rf.c7b74fc902f8b107226148da9ab585dd.jpg, 1
minor_259_JPEG_jpg.rf.c892471b16f1addae586d77be3f067f1.jpg, 1
minor_336_JPEG_jpg.rf.c6f919a7d98bb65b98fd37d7fccbae88.jpg, 1
akhand_b43_127_jpg.rf.c84269ae272a7f739c5f7de16c18a80c.jpg, 1
minor_339_JPEG_jpg.rf.c9821bddf230d3f2b991cb2a95930cb1.jpg, 1
severe_449_JPEG_jpg.rf.c739b2df6f031c93d437faaec59fc4d0.jpg, 1
severe_451_JPEG_jpg.rf.c53bc48bc9ab93a239f2fdbc06c54129.jpg, 1
minor_274_JPEG_jpg.rf.ca24a41d6197b2ac1a6d4a4544c65bd6.jpg, 1
minor_130_JPEG_jpg.rf.c97a2b9afc6f2a10f68dba753fedff23.jpg, 1
minor_123_JPEG_jpg.rf.c9ea87f74a86bb0d55cb9e001f27f1d0.jpg, 1
severe_267_JPEG_jpg.rf.c65f9072157075ef7c606aadb01e6ef1.jpg, 1
minor_189_JPEG_jpg.rf.ca6d1fe6c4545b18fcdb42242d4fec2f.jpg, 1
severe_32_JPEG_jpg.rf.cb5acf35f98501be93ba797ed7981a86.jpg, 1
severe_47_JPEG_jpg.rf.cab1ffadbe6a0326ed9e9db958323409.jpg, 1
minor_144_JPEG_jpg.rf.c9929a621a96967cfa62fdf5638bbc19.jpg, 1
minor_406_JPEG_jpg.rf.ca85a4ea027965c2db4ff359a2cdcd49.jpg, 1
minor_51_JPEG_jpg.rf.ca9788a5d46872f35599740fa05a64fe.jpg, 1
minor_318_JPEG_jpg.rf.ca3909d5f8c4193711075b9dd68d5607.jpg, 1
akhand_b43_162_jpg.rf.c9eadd1e27e5dfaa3f57438d60e57a47.jpg, 1
severe_532_JPEG_jpg.rf.cb7d3d5b55ff359ab120123632d5c295.jpg, 1
minor_385_JPEG_jpg.rf.cc8b7ede6f74932abb2bb2a426c372c7.jpg, 1
severe_281_JPEG_jpg.rf.cc2fceb48d6123f2ecb4f60abeabe35b.jpg, 1
61_jpg.rf.ccac3152f022a999a9f318aac69fd1e9.jpg, 1
minor_357_JPEG_jpg.rf.cc560484b7960b63c3ab7521e01da43b.jpg, 1
minor_25_JPEG_jpg.rf.c58244101b7c9e7bc502b3e4611de3cf.jpg, 1
minor_420_JPEG_jpg.rf.cbf83e24b85cb2459a2c40b5855397f1.jpg, 1
test_set_85_jpg.rf.ccc1a603415ef66c7b2faad77d665341.jpg, 1
severe_572_JPEG_jpg.rf.ccb2b3fbdea748f2b962874a408179bf.jpg, 1
akhand_b43_370_jpg.rf.ccfc17152d2b02b7d40a245dd896461d.jpg, 1
72_jpg.rf.cdbd11dfa8dfb9d8ec636214dd50c7a9.jpg, 1
severe_278_JPEG_jpg.rf.ccd7d57b453bd0aabdffa8c1b3d006c9.jpg, 1
minor_384_JPEG_jpg.rf.ce01aab63d27ebb45b723e967105c8c6.jpg, 1
test_set_170_jpg.rf.cbb20dd0f249f6fa830eaac8bc7ee80c.jpg, 1
test_set_79_jpg.rf.ce0e9af1d7102fe47221dfd50e5fe98a.jpg, 1
akhand_b43_113_jpg.rf.cc7dbaf82a64237d5397fda77ce60db8.jpg, 1
minor_346_JPEG_jpg.rf.cbb93ac8cd0ef43de401846b4e8bfd75.jpg, 1
akhand_b43_97_jpg.rf.cdd5b9697cef7c133be4a08de980272e.jpg, 1
coco19_jpg.rf.cea2125e1315111bd2cabe01b41972fc.jpg, 1
akhand_b43_250_jpg.rf.ce1b288e8607cf8135c7e2f438948bc4.jpg, 1
severe_86_JPEG_jpg.rf.cba97a9b9b21d81d3154a26f374d6ad0.jpg, 1
akhand_b43_79_jpg.rf.ccce36e01a8285c42e58ff4a2252c22f.jpg, 1
minor_91_JPEG_jpg.rf.ce8e8212e5b086b4e7fcd56acec8a83b.jpg, 1
159_jpg.rf.cede03ae8f92577dbd3408fbd94207ea.jpg, 1
test_set_9_jpg.rf.cec49335cf57ab616fe1e3516e879ab1.jpg, 1
test_set_153_jpg.rf.cf11c666d90d83788265eecf5dbeec70.jpg, 1
severe_480_JPEG_jpg.rf.ce508daf5a3013081e211252a985052b.jpg, 1
minor_138_JPEG_jpg.rf.cbbf3939fa59c4d5f4916007eebd69ec.jpg, 1
severe_132_JPEG_jpg.rf.cf2956fae8e50b44febdd05d73fd3bcd.jpg, 1
akhand_b43_530_jpg.rf.d0643487469220f95c86dee031b85562.jpg, 1
akhand_b43_275_jpg.rf.cfa8639fbec9237622446f43d0904ec1.jpg, 1
akhand_b43_440_jpg.rf.cd45d764d9d6a3ed43f5ca4306f5de82.jpg, 1
severe_201_JPEG_jpg.rf.cf17542bbf6e071dfc61b9a199db18a3.jpg, 1
akhand_b43_285_jpg.rf.d01d5b2ef6c0f34d7d6e4476c2df7592.jpg, 1
akhand_b43_258_jpg.rf.d0aa2ce90294099edb8b76c5a7513040.jpg, 1
27_jpg.rf.cfe60c10a9a6674658513da53eed0958.jpg, 1
severe_30_JPEG_jpg.rf.cfd867bc700af3a69ade4edbd5bd2b40.jpg, 1
86_jpg.rf.d0b307d16200f3be099b52678ec4f723.jpg, 1
minor_228_JPEG_jpg.rf.d0b1a5b7c4ae6ff801d11f5bc8272d5a.jpg, 1
test_set_194_jpg.rf.d134b55aa3b18bf9d4b50d26ea21dbbe.jpg, 1
akhand_b43_150_jpg.rf.d0ec7a280d5bcdf10b19b1d0ea7c592e.jpg, 1
akhand_b43_482_jpg.rf.d125bb93a84a3eebdd46ddc43833ed51.jpg, 1
severe_181_JPEG_jpg.rf.cf20182530e75cb0d2d17cff887474ee.jpg, 1
55_jpg.rf.d0b8ab3d5a8892c2ce205e0067cef3a1.jpg, 1
coco38_jpg.rf.d13c32ff69a9471e969438227e8e91ff.jpg, 1
test_set_58_jpg.rf.d1abb2199c25de5bfcfab347ca3330e8.jpg, 1
severe_119_JPEG_jpg.rf.d3098fd9a1d6e3fb082c8b70ba9452eb.jpg, 1
severe_442_JPEG_jpg.rf.d1644836715dbf8285d7bd6132f3faf3.jpg, 1
minor_374_JPEG_jpg.rf.d3bec3c26a01696bbdf2b70ab31b1d0e.jpg, 1
severe_202_JPEG_jpg.rf.d1c1df405243f33465e7946ccdff5845.jpg, 1
minor_44_JPEG_jpg.rf.d191855e55195fcd9ef4f85c36fdfd8c.jpg, 1
akhand_b43_417_jpg.rf.cfd8420d31397306a33cc94ab4a5d173.jpg, 1
severe_142_JPEG_jpg.rf.d24f65dd951fa9dc2fabc0d47611e86a.jpg, 1
130_jpg.rf.d1f8093c8158c33b18e415c9ae954c67.jpg, 1
minor_299_JPEG_jpg.rf.d2914ed05e831e711cdba1e99128c720.jpg, 1
akhand_b43_1_jpg.rf.d235b9c366d3e11bc0ffe2a8ddfcbb2a.jpg, 1
akhand_b43_449_jpg.rf.d3ba034c219c7a2701279b268522728c.jpg, 1
akhand_b43_115_jpg.rf.d1824ebe23fc4c87b405123bf567f6db.jpg, 1
severe_31_JPEG_jpg.rf.d3eafa0220cb30fe46fe1f9597a09dc3.jpg, 1
severe_364_JPEG_jpg.rf.d198e4169898871fc923379105e17e6f.jpg, 1
test_set_169_jpg.rf.d3a2b06d050d50376fbdb827608ab52c.jpg, 1
akhand_b43_178_jpg.rf.d3bb90c2012047dc689c42fae0305620.jpg, 1
severe_62_JPEG_jpg.rf.d36328060b406b396b9cedb7f650d5e8.jpg, 1
150_jpg.rf.d3fab130fc34e27e3549d74870761eb8.jpg, 1
severe_491_JPEG_jpg.rf.d4609b9b06c4534d5ecd9d9e20ff4ae7.jpg, 1
severe_252_JPEG_jpg.rf.d496cf45f2b8b52d847b44923286d0dd.jpg, 1
akhand_b43_372_jpg.rf.d49b20d252ea7e7d3e5bf4fc11ae6b3b.jpg, 1
coco52_jpg.rf.d44afb9e2a500426ec46d030abd78d67.jpg, 1
minor_194_JPEG_jpg.rf.d51657e8c5e03aacb6f2500ac95d69a7.jpg, 1
coco29_jpg.rf.d449707e570fa50a5b2b1dd8307f5812.jpg, 1
akhand_b43_319_jpg.rf.d428f3736f8ac892346c5cb4ba63fcc3.jpg, 1
severe_226_JPEG_jpg.rf.d40c860d72d110ef2f4be8c9b7e1b096.jpg, 1
severe_436_JPEG_jpg.rf.d734612d26bee759e948cf52f3e291ec.jpg, 1
severe_304_JPEG_jpg.rf.d73ade7fd1124f025fe084f2ec874c9f.jpg, 1
akhand_b43_234_jpg.rf.d5567480150c75f1834ae1401c6c704e.jpg, 1
severe_152_JPEG_jpg.rf.d5010433336f1441ca6c15982bed9034.jpg, 1
test_set_17_jpg.rf.d48df7b7a3558e5c44ab52cbeb45c425.jpg, 1
severe_130_JPEG_jpg.rf.d5714bb81d812909b9bc45c5e7e6999a.jpg, 1
122_jpg.rf.d59d9e6b9f826374ec1155a9c121047d.jpg, 1
severe_319_JPEG_jpg.rf.d49255f74a2515c180c6c98007208d86.jpg, 1
severe_547_JPEG_jpg.rf.d5f513d4727e275ac77b03067b959ca6.jpg, 1
coco4_jpg.rf.d692a9d482f5a310de6ee476d2337ac8.jpg, 1
minor_343_JPEG_jpg.rf.d73516fcb2cd2902c0af8ffc4ebbd3f0.jpg, 1
severe_246_JPEG_jpg.rf.d58672d4d020beb5d541f9c3239a5d9f.jpg, 1
minor_9_JPEG_jpg.rf.d474aa45fa5c2299a8443b86002dcb12.jpg, 1
test_set_99_jpg.rf.d5c8fbc7b308f1b995be170a6a5abd71.jpg, 1
43_jpg.rf.d73f333ecf102587d9a932c5277a8b6f.jpg, 1
minor_68_JPEG_jpg.rf.d5ffa32a7307aade72e70c4df7e076dc.jpg, 1
test_set_38_jpg.rf.d44ce752b6002e38e3567b96c55bd289.jpg, 1
126_jpg.rf.d52417e659f0b31467f9985e847f84f6.jpg, 1
63_jpg.rf.d757124333fb1949bd0bba9c03d86e80.jpg, 1
akhand_b43_107_jpg.rf.d81860b0ce9efd822b654e681974112c.jpg, 1
minor_126_JPEG_jpg.rf.d9774e8967c3f7d51088f1be2d0b3475.jpg, 1
minor_394_JPEG_jpg.rf.d947490797a894e87ea57b9d1ad44540.jpg, 1
severe_6_JPEG_jpg.rf.db3d121b70df21e9900fc62328c5726a.jpg, 1
akhand_b43_76_jpg.rf.d940d1f9317c4854364b9fba18878308.jpg, 1
test_set_179_jpg.rf.da1b283e9315674896ee8aa9ccaffdd8.jpg, 1
severe_279_JPEG_jpg.rf.da26d7e3717b9d991194b142df2ee96b.jpg, 1
severe_11_JPEG_jpg.rf.dc42cbc72d4e1fabfecfe5ff005cbfe1.jpg, 1
severe_343_JPEG_jpg.rf.d84365b77b51a8325abf6c464ee3c3e8.jpg, 1
akhand_b43_135_jpg.rf.da44532f6373891de48607dab0bedb7c.jpg, 1
severe_89_JPEG_jpg.rf.dc6e063d2a47c9c34be7b3746a664218.jpg, 1
severe_516_JPEG_jpg.rf.d8094bb7e720de7aa8a904d51d8dbf87.jpg, 1
test_set_1_jpg.rf.da82191482b225d34d34d802c986592d.jpg, 1
test_set_16_jpg.rf.d81b9afd43b524d12a55a76b7d46841a.jpg, 1
severe_559_JPEG_jpg.rf.d93bf7a6509b6ddb198ab81625409ed2.jpg, 1
severe_316_JPEG_jpg.rf.dca04a4394552388bbe6d8f89b9145c8.jpg, 1
severe_76_JPEG_jpg.rf.dc5dbec10161695425b965c7993d9dd3.jpg, 1
severe_336_JPEG_jpg.rf.dd5bfc1c432ff403d7c10c2579ad9162.jpg, 1
minor_49_JPEG_jpg.rf.dd78f1849b908077a4870f4592c8ef43.jpg, 1
akhand_b43_244_jpg.rf.dc0f7e3046b8279bcbf5ec8a758a672f.jpg, 1
minor_114_JPEG_jpg.rf.dd7913698fc792b4f2ef8cfe506215fb.jpg, 1
severe_19_JPEG_jpg.rf.dac75b743d77731157dc55f04f1d4345.jpg, 1
severe_400_JPEG_jpg.rf.dbfa239bd60690e29e88e96f9b2c7dcc.jpg, 1
110_jpg.rf.dd2ad6f859adffccfc1677751cf77f62.jpg, 1
akhand_b43_537_jpg.rf.ddef6e8f99a035229b7b8a2b7206b91c.jpg, 1
akhand_b43_322_jpg.rf.dc20f074f192722ec3bb5af638edec96.jpg, 1
severe_59_JPEG_jpg.rf.dd8aabd333256f4d43da536487b57aee.jpg, 1
akhand_b43_198_jpg.rf.ddc9bafe87b24c7b17da19fd2bea0694.jpg, 1
severe_317_JPEG_jpg.rf.ddf325d68350ca9b0263cc9c397ac281.jpg, 1
severe_269_JPEG_jpg.rf.d89d27dfcd27bd8e22ce5542295d776a.jpg, 1
test_set_81_jpg.rf.d905ba70495d7346446136c74a8727f1.jpg, 1
test_set_20_jpg.rf.de5343f95c5c7b6826f8e72d933eeac1.jpg, 1
akhand_b43_526_jpg.rf.deb71d64243673cfa588c25db5e2f02a.jpg, 1
severe_185_JPEG_jpg.rf.de4d08d65b03ed5106d19de4a9e2a447.jpg, 1
test_set_64_jpg.rf.df2267579913e498fbbe8b8fd60ad7ec.jpg, 1
severe_498_JPEG_jpg.rf.defc52e13060b164d5890c52c8c0994d.jpg, 1
akhand_b43_7_jpg.rf.dee6764bc0fd675b2e44a184e14176ef.jpg, 1
minor_88_JPEG_jpg.rf.dfa252818440fbbc5332486399ffb86e.jpg, 1
severe_472_JPEG_jpg.rf.df59639486e1397e035359add5482ff0.jpg, 1
minor_412_JPEG_jpg.rf.df63278896c5ee7a614635cf37aa5f1b.jpg, 1
severe_203_JPEG_jpg.rf.df7bf02f0b570b1de5ef7d5a167a7c89.jpg, 1
severe_215_JPEG_jpg.rf.ddd78e1b82441063c8df377795706075.jpg, 1
152_jpg.rf.dff8e721b76b6e6743885c46c4b8b82e.jpg, 1
minor_303_JPEG_jpg.rf.e01a1dcf7c06e71dfef24fa7a11b1dc1.jpg, 1
severe_569_JPEG_jpg.rf.dfbfb2a7e2761ebd3ca6e813d1133fde.jpg, 1
severe_514_JPEG_jpg.rf.df974675d7b501b85e4f72d623daeae5.jpg, 1
minor_226_JPEG_jpg.rf.dfc62c9555d8c339b2bed9f05cbd7814.jpg, 1
severe_90_JPEG_jpg.rf.e012d109e92bd27e947241f92660918e.jpg, 1
akhand_b43_536_jpg.rf.df1ddffc27c62b832b2728dfae4c16be.jpg, 1
severe_176_JPEG_jpg.rf.e042b7b854c1948e390b47c599689613.jpg, 1
severe_71_JPEG_jpg.rf.e058edb12604a5d174e14f28d110d326.jpg, 1
minor_198_JPEG_jpg.rf.e0d95f3c90225c11a39db38d41a37af6.jpg, 1
test_set_73_jpg.rf.e044dd08ebc96fa1c9166119563f8340.jpg, 1
severe_450_JPEG_jpg.rf.e1595badcb4093c79d483caf4cefd06d.jpg, 1
minor_60_JPEG_jpg.rf.e24b90df607234c6a384631a1ec4cfca.jpg, 1
minor_22_JPEG_jpg.rf.e1c30bb46e1335d1ca8877f8a0954d9c.jpg, 1
minor_401_JPEG_jpg.rf.df4c8722d45216168f42fd6750cc9008.jpg, 1
test_set_24_jpg.rf.e0e0a99b56a275dffac69387e58f8b9c.jpg, 1
akhand_b43_9_jpg.rf.e34d644976129cb7983dbf0cd5dadea4.jpg, 1
severe_332_JPEG_jpg.rf.e0f6420705cbf0c6a8cc01a55979a72c.jpg, 1
test_set_50_jpg.rf.de06b713b4b074f77987fe7792371d22.jpg, 1
akhand_b43_307_jpg.rf.e2904f70ecad6107808516dce0ff1161.jpg, 1
akhand_b43_547_jpg.rf.e2757d7a91baf0d6593b1f56e239e40b.jpg, 1
minor_223_JPEG_jpg.rf.e27b6e389329963a134b7bf24a1f4f7f.jpg, 1
severe_196_JPEG_jpg.rf.e289836713bb657c04b51695b0f2ee23.jpg, 1
akhand_b43_551_jpg.rf.e16c3adb053ccf451da9b01080b04d6f.jpg, 1
akhand_b43_291_jpg.rf.e1ebdc5763ea87e25c6b2db5c14ec21d.jpg, 1
test_set_192_jpg.rf.df7d350ef2ce2b79a698135ddbfa446d.jpg, 1
56_jpg.rf.e2b7dafed6339e456bf82cbab1dfac7a.jpg, 1
akhand_b43_518_jpg.rf.e2bccfed5aec46e825a5137266365155.jpg, 1
severe_453_JPEG_jpg.rf.e2305f348ef259d90147ba828efe8e42.jpg, 1
test_set_108_jpg.rf.e3551ea0f045bbd955b70027cb06bb4c.jpg, 1
minor_425_JPEG_jpg.rf.e385b794d755aadac1d496b49daf44c0.jpg, 1
akhand_b43_570_jpg.rf.e1169d8b7f46dea64074eed9ce22d966.jpg, 1
severe_576_JPEG_jpg.rf.95922f3313fc2316cb0fc73f84a7f34e.jpg, 1
akhand_b43_489_jpg.rf.9595be4fd7f7f40ecc50755a143c61b4.jpg, 1
163_jpg.rf.94fc35d9daf5abf21e289984e14bb765.jpg, 1
akhand_b43_187_jpg.rf.96033c2260643bd871bc22170a12f63c.jpg, 1
akhand_b43_263_jpg.rf.95d91b90d275741d9166563163b5b925.jpg, 1
severe_236_JPEG_jpg.rf.95e549fdd3b5b7342d5c46e5809f65d8.jpg, 1
severe_588_JPEG_jpg.rf.94e686b868745f12c0749bd52bcfb76b.jpg, 1
minor_176_JPEG_jpg.rf.96702be1e2eef7d363fa0400adc96ae3.jpg, 1
161_jpg.rf.956f8354e265d197da239c4ecf17146c.jpg, 1
severe_262_JPEG_jpg.rf.94fec6d1ecbec31df54526f92d3cf640.jpg, 1
akhand_b43_35_jpg.rf.95ee76cd6a421c9f67c569c254a8d885.jpg, 1
severe_493_JPEG_jpg.rf.96a421ebdef41096222c6ebed5a09402.jpg, 1
60_jpg.rf.95f4004b209193e422442c3f0b3fc12d.jpg, 1
severe_536_JPEG_jpg.rf.94d26b73d6d2d1295eee621dabc26630.jpg, 1
severe_73_JPEG_jpg.rf.975d9b46efb960885df2480248ba0491.jpg, 1
test_set_152_jpg.rf.96cbbbf0544d5d2af1f028fd94f35511.jpg, 1
severe_134_JPEG_jpg.rf.97a75c87bcc2b1144e60b60c3706d4da.jpg, 1
minor_439_JPEG_jpg.rf.96404ad8a1f9e26d9b5e9a4933a258f7.jpg, 1
148_jpg.rf.96371973beaf618b020c9efec12901d8.jpg, 1
test_set_183_jpg.rf.96aacec529ecca2d547aea6a041eee6d.jpg, 1
akhand_b43_446_jpg.rf.94c0a0c9116ba9d0c97f7e456d76ee09.jpg, 1
akhand_b43_61_jpg.rf.95dabc04bf4272011ab2e5e23bf67385.jpg, 1
akhand_b43_548_jpg.rf.96846f5687db4ef9420ac47a39e59f6c.jpg, 1
coco27_jpg.rf.96298bc98aeb1d2a223d8e5a43230daa.jpg, 1
severe_20_JPEG_jpg.rf.95dfe57e39f2547233b688f4f131da54.jpg, 1
minor_81_JPEG_jpg.rf.98039af0ce3df9473d94c3915ed06ebc.jpg, 1
133_jpg.rf.97f5ff5df9c78c87f6b8b7b8fdb44108.jpg, 1
test_set_32_jpg.rf.980677ec067d618a704ede72a3b5644a.jpg, 1
severe_326_JPEG_jpg.rf.98300c6f0f3da1e0b57ec4b1b325e4a2.jpg, 1
minor_323_JPEG_jpg.rf.989a3db50b0bd97c258d7b070a9991a8.jpg, 1
severe_238_JPEG_jpg.rf.98e559a5a9d23487568da1c358962b5e.jpg, 1
minor_137_JPEG_jpg.rf.983121151ed28d85f847eee91de58115.jpg, 1
akhand_b43_56_jpg.rf.9853fce05a255b110692a79d7fbdd73e.jpg, 1
minor_312_JPEG_jpg.rf.996486dafef47c1e3e2232b8f736220d.jpg, 1
57_jpg.rf.98f6a361abef075a4439ac0a3d8f2464.jpg, 1
minor_356_JPEG_jpg.rf.99136706481141cef2d117a398940981.jpg, 1
severe_158_JPEG_jpg.rf.9a08eb820ab874610994519f2d13ad26.jpg, 1
severe_373_JPEG_jpg.rf.994ba997acbd4582506eb92bf8ab9b39.jpg, 1
akhand_b43_455_jpg.rf.9a88b65aef22366d502d95ec8f6a8af5.jpg, 1
67_jpg.rf.9898a1df714c57f76c3d217f6faf69f9.jpg, 1
severe_50_JPEG_jpg.rf.98d284ce51ef7345d6aac14cb92ff077.jpg, 1
severe_327_JPEG_jpg.rf.9aaa8bad9314137e9a5d6c3e3de93ac5.jpg, 1
test_set_157_jpg.rf.9904c2c2e4112b759849bf8447099cf9.jpg, 1
minor_335_JPEG_jpg.rf.9adee51e1a54f1014a18a4ed7c520e30.jpg, 1
severe_305_JPEG_jpg.rf.991eb003332c35db299cb8503d52ec97.jpg, 1
minor_33_JPEG_jpg.rf.9a9b86ca573049b0d08d1c50809f2a26.jpg, 1
minor_332_JPEG_jpg.rf.98e25c4d1f762cbd361f65bdf5aeb885.jpg, 1
36_jpg.rf.995e09b3d8ae37eabb556280ccf4f64e.jpg, 1
severe_192_JPEG_jpg.rf.9ae3c83a82ad87fbd714441b0a5bc14d.jpg, 1
akhand_b43_13_jpg.rf.9a3ef8bb8d32812a59f600da21d6b354.jpg, 1
minor_65_JPEG_jpg.rf.9b0eb7ed364b46c2888a27634c491020.jpg, 1
severe_194_JPEG_jpg.rf.9c7d0f3bee073238e94688bdd77f08ab.jpg, 1
test_set_43_jpg.rf.9bfc7597956694a252472bc00d249260.jpg, 1
severe_464_JPEG_jpg.rf.997f5667d2bbf303afe5d7adb3012679.jpg, 1
test_set_66_jpg.rf.9cc26e1a4c1821221698d49cc8198766.jpg, 1
124_jpg.rf.9b7ce4bcd991037abe84ea4674502a8e.jpg, 1
severe_292_JPEG_jpg.rf.9c0c6dd07d21ddc0bb748921f2071b34.jpg, 1
severe_441_JPEG_jpg.rf.9bbe6378b7ccbea6ac2084d9f776f7ab.jpg, 1
severe_96_JPEG_jpg.rf.9ba32f1b235e45811b409dbfd0ba5bdd.jpg, 1
test_set_37_jpg.rf.9cc600b87862f21fcf9476f0eb16cad4.jpg, 1
severe_522_JPEG_jpg.rf.9d65311eb8d04d3fb34b0fceb28cfe99.jpg, 1
minor_84_JPEG_jpg.rf.9d999e02fcc859b3ee88fd0145eb4199.jpg, 1
akhand_b43_308_jpg.rf.9e0a4991da7826512a6ea9aaaaa3178f.jpg, 1
severe_163_JPEG_jpg.rf.9b06144e5298980a0e60f11b67d3f916.jpg, 1
test_set_76_jpg.rf.9da0031563fdb661b489554f41e9619d.jpg, 1
severe_528_JPEG_jpg.rf.9e02d4eb7436866a7fa5c8cc8684a11a.jpg, 1
minor_433_JPEG_jpg.rf.9d600c893603c6f28a21d6788b2c534f.jpg, 1
98_jpg.rf.9e286dbadf693189523e1abc7e76b233.jpg, 1
severe_143_JPEG_jpg.rf.9e9a7bbdbd3050bbb45473e79cf30aa2.jpg, 1
minor_97_JPEG_jpg.rf.9de7346c1c2effc7e7e3a95b72b359ff.jpg, 1
severe_256_JPEG_jpg.rf.9f2f94cf74c65a67ee62f886b6d4b8ba.jpg, 1
54_jpg.rf.9ea236120f34311fb4aba481841965c9.jpg, 1
minor_317_JPEG_jpg.rf.9e4883a9c2338871bc4f1fc95fa4b5a7.jpg, 1
minor_47_JPEG_jpg.rf.9ec04babff2d38df57aa3bcbd2192100.jpg, 1
akhand_b43_179_jpg.rf.9ea9624608f8c26cbc3aeba85a59f6ec.jpg, 1
severe_283_JPEG_jpg.rf.9f2b716fc2d0388455892d6c1dcb5ce7.jpg, 1
minor_369_JPEG_jpg.rf.9fd1b828ad325aed7577210c153cb122.jpg, 1
coco17_jpg.rf.a0b081cdba9630fb6d83d146569b369c.jpg, 1
severe_217_JPEG_jpg.rf.a11037498f7befad81a8c05804e28c21.jpg, 1
akhand_b43_312_jpg.rf.a1dc4fcddf25a071c21ec1c11a41ad88.jpg, 1
test_set_130_jpg.rf.a101be96ae12cf93af68803a2349d1a7.jpg, 1
akhand_b43_299_jpg.rf.a10ff0d30d48391205b098366c5852f8.jpg, 1
65_jpg.rf.a1efaa2a8bbed37648ca418e1ab45d46.jpg, 1
121_jpg.rf.9fb8169a599fee1b2fd59d6f0c888fb9.jpg, 1
severe_313_JPEG_jpg.rf.a1f9fd099071ae3af978ba9c63a2b934.jpg, 1
severe_85_JPEG_jpg.rf.a0ef893f0013c8c3f8be7d3bd55ea4a3.jpg, 1
severe_272_JPEG_jpg.rf.a025361d7332a0d91a0ef1b9381a6484.jpg, 1
akhand_b43_456_jpg.rf.a315c4f2a6527f93c43f21fc68fe1963.jpg, 1
severe_254_JPEG_jpg.rf.a1238f3f8c1179f6fd8330a577313716.jpg, 1
test_set_168_jpg.rf.a2797d0836672c49dbc0777a09fee20b.jpg, 1
akhand_b43_469_jpg.rf.a3755db65ea4e9da7c08615cbc0395b2.jpg, 1
akhand_b43_432_jpg.rf.a38476e9ab720422631ceba7d17dd7d6.jpg, 1
severe_33_JPEG_jpg.rf.9ff986f166dd6e10d076f8f96bcb2985.jpg, 1
145_jpg.rf.a3a4a242b30982e545bdbc73ace1e7c2.jpg, 1
test_set_184_jpg.rf.a0d4b585f6efbab98fd621fb47c39dad.jpg, 1
severe_555_JPEG_jpg.rf.a232bc039c44deae00a626499b00ce75.jpg, 1
severe_367_JPEG_jpg.rf.a3aae24db35ad4691ebb7e7c4d9b551e.jpg, 1
akhand_b43_545_jpg.rf.a1d4abfa759d7b7c35d3572bfbd69f2e.jpg, 1
akhand_b43_395_jpg.rf.a42fac331c62910ac380e4a0dd922ad5.jpg, 1
test_set_165_jpg.rf.a45bcba4c0639508c638e84a0d398dcf.jpg, 1
severe_554_JPEG_jpg.rf.a3023b08142b80416b46ba2a2bc06a07.jpg, 1
severe_357_JPEG_jpg.rf.a2bcdda301bee30db1ce331d998daee4.jpg, 1
akhand_b43_323_jpg.rf.a5087c2f243b491b76432dc2ea6aaf3a.jpg, 1
test_set_126_jpg.rf.a3053f2694e48ecda56559c682f4c7dd.jpg, 1
severe_275_JPEG_jpg.rf.a3c56eb1e3400c775863c172adbee577.jpg, 1
49_jpg.rf.a5c2b0b887da97595bab924ed1b648c9.jpg, 1
minor_434_JPEG_jpg.rf.a6e45001f4b1df23045e74867ab92bcc.jpg, 1
severe_276_JPEG_jpg.rf.a58c9c34a48d1979b2339b13eaf10fab.jpg, 1
minor_248_JPEG_jpg.rf.a5d4946b2172e3be345af819c6fd17a8.jpg, 1
severe_520_JPEG_jpg.rf.a5ec5e5f697f53cf0e0a1b913bb6474e.jpg, 1
minor_35_JPEG_jpg.rf.a62ab682df06eaf0c63405d9a8cfcf3d.jpg, 1
severe_571_JPEG_jpg.rf.a6a62d55ac95c43cefa98db8fb886e99.jpg, 1
severe_392_JPEG_jpg.rf.a673f8db544e7357bdf3bacdf66487e9.jpg, 1
severe_579_JPEG_jpg.rf.a73e02eba7dbf1553cb87a4c3aea062f.jpg, 1
test_set_97_jpg.rf.a5628d87df0c1d71e374f0769346b335.jpg, 1
severe_213_JPEG_jpg.rf.a7012cdd401d7b304b3e14758ab6f8ed.jpg, 1
akhand_b43_527_jpg.rf.a86702e39a064e144e465a32b9ab070c.jpg, 1
severe_488_JPEG_jpg.rf.a7edc6f6fe3141b03419199b76246377.jpg, 1
coco80_jpg.rf.a5106c2bc247d55860441d6ba69abcfb.jpg, 1
test_set_42_jpg.rf.a5c309945c52ae2fa106f8940903e3f2.jpg, 1
akhand_b43_11_jpg.rf.a8b757397b1f6863fb90df2a97de6e48.jpg, 1
test_set_92_jpg.rf.a85b3f11a65dcafecfb3885fe341022e.jpg, 1
severe_335_JPEG_jpg.rf.a6ab20ed57f9adc2e2046bbdd20027a0.jpg, 1
severe_470_JPEG_jpg.rf.a7ede15d88f68a75d628bbb06fd83185.jpg, 1
severe_329_JPEG_jpg.rf.a7cbc55b23e4e86e17389afd4b33d99a.jpg, 1
minor_255_JPEG_jpg.rf.a7c915e7b9df913f9bf10a6b8a6bd2db.jpg, 1
severe_302_JPEG_jpg.rf.a7f02d3353bc8ac85c77cb14ab86cc10.jpg, 1
minor_395_JPEG_jpg.rf.a7c5f0d81004e694dece2c4f64d50ced.jpg, 1
minor_161_JPEG_jpg.rf.a6ba5e8dd126e1fcd7089c021f54d123.jpg, 1
akhand_b43_231_jpg.rf.a8e55e1d6e40cb971718a6b756f5b88a.jpg, 1
test_set_47_jpg.rf.a85ef6c68b46ca9828734f583f7c3729.jpg, 1
minor_106_JPEG_jpg.rf.a928675bd0ef8059a8880a4f31004ec5.jpg, 1
akhand_b43_235_jpg.rf.a90835bccc53595bd7ca8beeb7bd034f.jpg, 1
18_jpg.rf.a9591a919d58932ccce16db2f97d9c54.jpg, 1
akhand_b43_123_jpg.rf.a982463c1b5ed04c41dce29392a51ae0.jpg, 1
akhand_b43_464_jpg.rf.a9a1acb1a49550ea42a38b224a826d1a.jpg, 1
test_set_133_jpg.rf.a9cdefe9bdb0cd1c30ce85b350dd29b8.jpg, 1
test_set_142_jpg.rf.aa15988b9b19b14c3994730b8b43c00e.jpg, 1
test_set_116_jpg.rf.a9a5f702e559601da6bb2bdb53471db3.jpg, 1
severe_425_JPEG_jpg.rf.aa6604bee272006d86e63c561b84c935.jpg, 1
akhand_b43_353_jpg.rf.aa17784d888e11ed3b0d3994b7551e0c.jpg, 1
severe_377_JPEG_jpg.rf.aa44dce0c3ebff0f914eb9948da1fba5.jpg, 1
coco34_jpg.rf.aae60e7d121a5f4ed493df57072bd7a3.jpg, 1
akhand_b43_133_jpg.rf.a9d2350a439c2d28b74e6b4cb6066f32.jpg, 1
coco73_jpg.rf.ab32b7197cbf27df1fa78b0c383777cf.jpg, 1
138_jpg.rf.aaef463852118e2d489bc468638c2c7e.jpg, 1
53_jpg.rf.ab4caa41c1df8d35c42075469a1e7191.jpg, 1
akhand_b43_77_jpg.rf.ac6963fe3f667c79d280d51944d79bdf.jpg, 1
severe_266_JPEG_jpg.rf.ab76538ffa27c90d4c67385834c3cd86.jpg, 1
minor_292_JPEG_jpg.rf.ab857a01c781d0d9f8d340138caf23ab.jpg, 1
severe_97_JPEG_jpg.rf.abe59500ce4d6766cc63c8b0ab664f90.jpg, 1
test_set_22_jpg.rf.ac86966f851109baedab0b7833891249.jpg, 1
minor_69_JPEG_jpg.rf.acac4099a1d60a283f25bd22641f8c71.jpg, 1
akhand_b43_340_jpg.rf.ab64144624159196d4e96e6c60fabb82.jpg, 1
coco40_jpg.rf.aa608c275e57d5b2cf2e9dab2bdce554.jpg, 1
severe_525_JPEG_jpg.rf.abc9ec5f02ae334290007e26d58c7ddd.jpg, 1
minor_20_JPEG_jpg.rf.aca19d76eacb8b3879470381b1eb6eaf.jpg, 1
minor_378_JPEG_jpg.rf.ac8f81625285052227ef0af73cddd9e8.jpg, 1
akhand_b43_149_jpg.rf.aa9c11d00c4796c6793618c5d6677bf3.jpg, 1
severe_150_JPEG_jpg.rf.ac31b8fc6337ae25770dbd05741a1c66.jpg, 1
severe_563_JPEG_jpg.rf.ac45c84f265e3f84137d2e1a20b4189d.jpg, 1
minor_220_JPEG_jpg.rf.aaa82a58c8753862dac158df004d388c.jpg, 1
minor_426_JPEG_jpg.rf.ad374a1f77fa61122c298fe3429d33ee.jpg, 1
minor_45_JPEG_jpg.rf.ad2551b8b69cf705536ff22fb28cf0ac.jpg, 1
akhand_b43_523_jpg.rf.ad6d1259c36d39469da983c026d7a2c9.jpg, 1
akhand_b43_355_jpg.rf.ad005cc380e034d22dd97c73fc5b4a78.jpg, 1
minor_432_JPEG_jpg.rf.add846c2fa8bac083b78c0560edd7ee2.jpg, 1
akhand_b43_506_jpg.rf.ae0f6314b883798b84c72318bbe86ccd.jpg, 1
minor_8_JPEG_jpg.rf.aee9d65d9996d82ade2d82e50dc7003f.jpg, 1
akhand_b43_403_jpg.rf.aec5abdb096b17b613beec4a2bce451b.jpg, 1
akhand_b43_479_jpg.rf.af7246d32a2b92db8bf5992508626e77.jpg, 1
minor_262_JPEG_jpg.rf.ae38f68adfe4e7c2114469325bda77f3.jpg, 1
severe_439_JPEG_jpg.rf.ad70e223f65c1b075b0812daf820ffc4.jpg, 1
akhand_b43_303_jpg.rf.af78a2b1a42ea196f316cf167abcb29d.jpg, 1
minor_42_JPEG_jpg.rf.ae9fffc02bb0f75fe9faed9e28d528f0.jpg, 1
severe_110_JPEG_jpg.rf.ae564bac802578a37dcb0ead4c4ebefc.jpg, 1
severe_200_JPEG_jpg.rf.adeb3d8559c8df570afd706939e13be9.jpg, 1
severe_58_JPEG_jpg.rf.af2de097ac2756c05c83554dedf600b0.jpg, 1
minor_37_JPEG_jpg.rf.afa147e7881db64610bfea40f302be28.jpg, 1
severe_160_JPEG_jpg.rf.b014a6e9870754be9f439774d586210f.jpg, 1
severe_407_JPEG_jpg.rf.ae800ba616f613476b1dc766b3561495.jpg, 1
akhand_b43_490_jpg.rf.ae54b1781e1eb9fb1beb44ffe89fce64.jpg, 1
severe_385_JPEG_jpg.rf.ada354b682b4e1fc34554683b1a7f421.jpg, 1
minor_283_JPEG_jpg.rf.aff3c82bc0ca388af165c61120a03867.jpg, 1
severe_169_JPEG_jpg.rf.b04ddfb9429a68390a673003bb6aa697.jpg, 1
44_jpg.rf.af6451fea6f7c6a72c2b44bb15d5c489.jpg, 1
test_set_196_jpg.rf.afeaaf4db1e1a8ea80385ed4673e8aa2.jpg, 1
test_set_51_jpg.rf.adca710faba2fcbc7b1e0e1e6e188801.jpg, 1
severe_403_JPEG_jpg.rf.b01cfacabdc25f6140356b4f9fc4f53e.jpg, 1
minor_400_JPEG_jpg.rf.b073084f26ff91862c14e852f3dcff75.jpg, 1
minor_77_JPEG_jpg.rf.b0730bf50989622dcfdd03b18e5d40a2.jpg, 1
akhand_b43_6_jpg.rf.aeb8b173117ec58b42880163ff7e82c5.jpg, 1
severe_558_JPEG_jpg.rf.b0f675c7c9efbd71ae63b42d9a6c0c11.jpg, 1
akhand_b43_122_jpg.rf.b0b94c47125bff36cb02b31843d43429.jpg, 1
severe_175_JPEG_jpg.rf.b09e8ca413b3358af480f7149602585e.jpg, 1
108_jpg.rf.b1af616c7efbc1f4357cbae4ca0aa37b.jpg, 1
coco64_jpg.rf.b2b53df6ecb9a67cd51d87b3dfe1a070.jpg, 1
akhand_b43_562_jpg.rf.b10386b54ba77529e7bbb787b274498e.jpg, 1
severe_22_JPEG_jpg.rf.b1196190d8f891c8e704eb7a4b67487c.jpg, 1
severe_52_JPEG_jpg.rf.b1d821d2e7acec16f03f9e91394a9692.jpg, 1
severe_438_JPEG_jpg.rf.b1e1f3360147efa3f9b58a67e6b662cd.jpg, 1
akhand_b43_335_jpg.rf.b230f03c327fee814bbd94f1d8e5762f.jpg, 1
akhand_b43_542_jpg.rf.b33df1be0e1ab81af445912b3204963c.jpg, 1
severe_376_JPEG_jpg.rf.b2b667fa09500abcc68d7d829a8aaba8.jpg, 1
severe_268_JPEG_jpg.rf.b18114281a3fc24fd9d34bfb6b620e7d.jpg, 1
akhand_b43_396_jpg.rf.b28f6e89168da4a4ec053f55a5f0307c.jpg, 1
minor_355_JPEG_jpg.rf.b421e6ba68d421051ab73818677daad7.jpg, 1
severe_306_JPEG_jpg.rf.b3cfcada3dfe30d31ab332be3b53cbf6.jpg, 1
severe_29_JPEG_jpg.rf.b306c63235044e9ff42a797dd0be3402.jpg, 1
severe_114_JPEG_jpg.rf.b4e3dd646d5cfa113c7b4626c468b64f.jpg, 1
minor_1_JPEG_jpg.rf.b42bc31d7ba5eba47ca01da25588093b.jpg, 1
akhand_b43_238_jpg.rf.b3edb2559ababa8bd444241d35062f25.jpg, 1
128_jpg.rf.b462432c8a4367657a006efee730637f.jpg, 1
akhand_b43_329_jpg.rf.b3d7611413f5eab7995c30db45e741f8.jpg, 1
akhand_b43_503_jpg.rf.b52bce41eee3a4f82e3648d1e051ac3f.jpg, 1
severe_419_JPEG_jpg.rf.b4ae8df374c3fb113ce0f3289554f69c.jpg, 1
minor_43_JPEG_jpg.rf.b4599e2cf912431e82717a0bc4cb37f2.jpg, 1
minor_390_JPEG_jpg.rf.b361a5908de2dd4d9859e867778d7143.jpg, 1
severe_551_JPEG_jpg.rf.b58b2bc8d53fb47cdf2a5e2017bcb6bb.jpg, 1
minor_326_JPEG_jpg.rf.b514bd9dbf3239f53c0e16ee4c66905e.jpg, 1
minor_237_JPEG_jpg.rf.b4b847f774b28e0e1820d344b3562efa.jpg, 1
severe_251_JPEG_jpg.rf.b5fcce7394b26bedf4a95263551eb8e8.jpg, 1
severe_389_JPEG_jpg.rf.b6ab8db686d0aeecff009e0f86db1cba.jpg, 1
minor_423_JPEG_jpg.rf.b529f44799b5f828fbdc292cca4c826a.jpg, 1
test_set_185_jpg.rf.b5c1c77f37eb43733bad4ad1b573d954.jpg, 1
severe_587_JPEG_jpg.rf.b8230f43f17c08f30b693fddaa33533b.jpg, 1
akhand_b43_491_jpg.rf.b77618734529604d82ec0f4a64babcb2.jpg, 1
severe_193_JPEG_jpg.rf.b52d18260d3d359373bdc519cd5956b2.jpg, 1
severe_45_JPEG_jpg.rf.b71f695afa22c5bd07db12e1f6a02cf2.jpg, 1
severe_197_JPEG_jpg.rf.b7fdf4b7e988f65b8354133ea9d1a8f0.jpg, 1
severe_416_JPEG_jpg.rf.b876cfaa7c61cf3f35f5464f4d38929c.jpg, 1
severe_214_JPEG_jpg.rf.b77d90dd1e95dce37e0077303f5084cd.jpg, 1
severe_253_JPEG_jpg.rf.b8808575653b9c5c18bc6339ee9347b3.jpg, 1
akhand_b43_62_jpg.rf.b8f472db0f0632e44b5b59e5c44ff541.jpg, 1
akhand_b43_165_jpg.rf.b959aa31d5d7664862f3ad3ed694ef67.jpg, 1
minor_213_JPEG_jpg.rf.ba1ffee5f9e1c86ac1422f75e201e9bb.jpg, 1
minor_351_JPEG_jpg.rf.bb141001e104f558cfde9335150d2c80.jpg, 1
severe_273_JPEG_jpg.rf.b520e2b339c8a579ca8307f008f96a48.jpg, 1
akhand_b43_582_jpg.rf.b9adf9ca0297e3a94477cb364d209b8e.jpg, 1
akhand_b43_166_jpg.rf.b7b7492760f22b95bd3fe74ab98b7228.jpg, 1
severe_294_JPEG_jpg.rf.ba880cf0a8002f6c8a77ceb175f387d8.jpg, 1
severe_510_JPEG_jpg.rf.ba8a125ad06b74124e7e864a788e3f2e.jpg, 1
minor_269_JPEG_jpg.rf.bac48c5bd81bf659e769d046ea0c9055.jpg, 1
severe_39_JPEG_jpg.rf.b7ffe7a64e33b9c1e20edd13da2c5b4e.jpg, 1
minor_397_JPEG_jpg.rf.b90851aa970cc2f0d7ac7af595251809.jpg, 1
akhand_b43_279_jpg.rf.bba6f274559b7c6d4da43d481aa4aad5.jpg, 1
severe_435_JPEG_jpg.rf.bb1e17d6abb468720781499ab8ea36d3.jpg, 1
akhand_b43_278_jpg.rf.bb3049b291b9acb09d2dd1c7099d35fe.jpg, 1
severe_172_JPEG_jpg.rf.b6417bdd7258e230f2bea7ff584a6fec.jpg, 1
severe_583_JPEG_jpg.rf.b95f620ade29ae99cc177e0c9c4ea6cd.jpg, 1
severe_570_JPEG_jpg.rf.0220bd6a41d14283ab248549a6d40d89.jpg, 1
severe_479_JPEG_jpg.rf.00265304b513195636439d9a9ea7062d.jpg, 1
minor_324_JPEG_jpg.rf.0014b32ae8c90fa9d7c59114fcaaab05.jpg, 1
akhand_b43_216_jpg.rf.0302a56f3c398164e6b06a5240d1567f.jpg, 1
test_set_119_jpg.rf.015e20d86ba13d21bc5a5b06030a050b.jpg, 1
112_jpg.rf.002649fa07e0ef28e212243c17d8a7a0.jpg, 1
akhand_b43_375_jpg.rf.00df343648e81a6939494ae7678d7bd9.jpg, 1
akhand_b43_104_jpg.rf.00b74b2bb8128ebc470ccfbcb051d4fd.jpg, 1
test_set_188_jpg.rf.02f2a5a0e84e911b43f05db27cc85a42.jpg, 1
minor_392_JPEG_jpg.rf.03306273cdf605a227a4a9598ef22c93.jpg, 1
severe_527_JPEG_jpg.rf.01353be44c8a0bd28392c34b9c011ac1.jpg, 1
coco54_jpg.rf.020055a0a34264ff5f2d1f8587662ad2.jpg, 1
118_jpg.rf.01ccd1f3fa4617c9a7cec4673d92c547.jpg, 1
test_set_52_jpg.rf.02d11e0126ae3e30525bd068f3d9642f.jpg, 1
akhand_b43_390_jpg.rf.01715b21cd2addaf2859959df5d8245a.jpg, 1
minor_11_JPEG_jpg.rf.0182658769e6989f8969dee3ca5310dc.jpg, 1
akhand_b43_475_jpg.rf.025142fed5b451b9ba9712d9c9aa2f55.jpg, 1
test_set_162_jpg.rf.01ecaff2373e19b3092979bd19935df6.jpg, 1
severe_341_JPEG_jpg.rf.0170b1092dbb1b585999ad15635f9f43.jpg, 1
akhand_b43_86_jpg.rf.01eeff6b80d5be542eef432a2efadebb.jpg, 1
minor_39_JPEG_jpg.rf.00c15a0d3a827b6d10e67c00681bb8df.jpg, 1
akhand_b43_289_jpg.rf.025dbcb743717bafc6a648b749439887.jpg, 1
severe_167_JPEG_jpg.rf.0106668d9cb512233b1f538a56179918.jpg, 1
severe_70_JPEG_jpg.rf.0266c820ca86216288a8f8660cc5d161.jpg, 1
coco71_jpg.rf.0090af9eeab01817f5d63436db5d8ffd.jpg, 1
severe_122_JPEG_jpg.rf.03a8d3a4ecd2063413ab2ebccb7e710f.jpg, 1
severe_157_JPEG_jpg.rf.03310e342b11f2c07592d4e3d208c9bf.jpg, 1
severe_459_JPEG_jpg.rf.05417a8d803a9ba1a2fce172d00fd41c.jpg, 1
akhand_b43_0_jpg.rf.0481631e53ffe6c1689e510ddc4c6b6b.jpg, 1
minor_389_JPEG_jpg.rf.05c54f4a5e66b117e8bc37673ec24415.jpg, 1
severe_133_JPEG_jpg.rf.03573014a297ac60a667f8f177f65113.jpg, 1
minor_3_JPEG_jpg.rf.049a9084cff1a9b4e80d709c503c82b3.jpg, 1
minor_4_JPEG_jpg.rf.03b5c7e57ef0798a866cb5593095a611.jpg, 1
severe_537_JPEG_jpg.rf.0656e0a4b5d24a4fda8aaec86bc209dd.jpg, 1
test_set_110_jpg.rf.036a566cfe48eb4ba2f7e30fbe5e096d.jpg, 1
minor_191_JPEG_jpg.rf.03cf2a39d37ada5d898f59c26889b176.jpg, 1
severe_499_JPEG_jpg.rf.05997ed19d6f2a30e419abf16a0c75a6.jpg, 1
severe_500_JPEG_jpg.rf.03ecd5bc36684640d3cf6af7a6c291c3.jpg, 1
akhand_b43_55_jpg.rf.04140e31d7a53bcd000561dc4c69c90b.jpg, 1
akhand_b43_569_jpg.rf.057cf8383c37b6a8a67e07112d11745c.jpg, 1
minor_379_JPEG_jpg.rf.061b5fe681da4fb6a943215db36805c0.jpg, 1
severe_106_JPEG_jpg.rf.0437b5463ae712ccdabb28eb4da3a29b.jpg, 1
minor_90_JPEG_jpg.rf.050660ce620714327c526714744292a8.jpg, 1
minor_200_JPEG_jpg.rf.045db6b1a70238f046e16821dbcae4a5.jpg, 1
92_jpg.rf.066dd4fcc8efb22488422f9c2f9d3361.jpg, 1
minor_171_JPEG_jpg.rf.056620f732d4bf2ab82604ba65799f17.jpg, 1
severe_209_JPEG_jpg.rf.04178b9e5e1e4b31ead22a2e44b8821a.jpg, 1
akhand_b43_578_jpg.rf.0413094cb40173bb93f873bad5f90885.jpg, 1
minor_340_JPEG_jpg.rf.06c70e8b096199cc7fcda9d7a096daea.jpg, 1
minor_297_JPEG_jpg.rf.0728aa431201b2e379a419fb53a44cea.jpg, 1
minor_304_JPEG_jpg.rf.05c301b15ae55f368b734425089a97a8.jpg, 1
severe_431_JPEG_jpg.rf.06a19c3e25c3689d902e2980142c1536.jpg, 1
severe_299_JPEG_jpg.rf.0628f647c4bcf9bd6c32f1bfa9452aea.jpg, 1
4_jpg.rf.06e0ae28975d7f5953d30f34781f9f09.jpg, 1
severe_540_JPEG_jpg.rf.06ce85a4213be46ab65f1d58c749d53a.jpg, 1
severe_504_JPEG_jpg.rf.078a1ff649ff50683f0c9d475de619a5.jpg, 1
severe_28_JPEG_jpg.rf.0854489d7240ef14d71ba1b687e5b78d.jpg, 1
test_set_117_jpg.rf.07c0d0f2373beb7be3ec4ec6b121f88a.jpg, 1
severe_116_JPEG_jpg.rf.085e726f83f9d07cefbc9ef90f490e85.jpg, 1
akhand_b43_287_jpg.rf.09d8e92949e20b72682918feb4bdb037.jpg, 1
minor_264_JPEG_jpg.rf.08429195dcf0cd266d4cce3afc1a39da.jpg, 1
severe_409_JPEG_jpg.rf.073de9fbcdaf128176b796e4065c6dbf.jpg, 1
minor_133_JPEG_jpg.rf.0a49880ea70e7a5ebbc0433cab2d7e84.jpg, 1
severe_523_JPEG_jpg.rf.093721f3e91c8ee668c1d27c1364d7b3.jpg, 1
test_set_141_jpg.rf.08524b269bbc9d31c2f9540df232d95d.jpg, 1
test_set_109_jpg.rf.09e033298d99e7b8678916df4c571fd4.jpg, 1
severe_489_JPEG_jpg.rf.08401f431c2df5ee03c75fb0510a6dce.jpg, 1
minor_272_JPEG_jpg.rf.0917f4c164aaac97d4b59cf21cb1b17a.jpg, 1
severe_388_JPEG_jpg.rf.0958e1d22fb807378a1977164d317193.jpg, 1
severe_355_JPEG_jpg.rf.060b358545f359ce3bcbcec0be055fbc.jpg, 1
severe_383_JPEG_jpg.rf.09e346314883958fa7965880edbdba82.jpg, 1
minor_175_JPEG_jpg.rf.084cfad5e41bb1cdbc77fc7574059ef3.jpg, 1
147_jpg.rf.095ff99bd8723b200217b35b842dc3c9.jpg, 1
minor_327_JPEG_jpg.rf.0895aaf96fcf5ecc97c4f71ab403c6f3.jpg, 1
26_jpg.rf.09d68bd137f724e876ace11ded5afc9b.jpg, 1
akhand_b43_240_jpg.rf.08a7126ee60aa4a2cfb2a9f4159cb4dc.jpg, 1
akhand_b43_320_jpg.rf.0b185dcf00ab9a8c66aeccee6cd68962.jpg, 1
akhand_b43_47_jpg.rf.0998b8b3dbfa440f3a81ebe96d799cc0.jpg, 1
akhand_b43_565_jpg.rf.0a831947075e13ef5183fed07ac4b14a.jpg, 1
test_set_93_jpg.rf.0a6bf7bc05ded570657ab4f104656061.jpg, 1
akhand_b43_332_jpg.rf.0a581a90efefbb2b4f3ed5338e3c7c59.jpg, 1
akhand_b43_116_jpg.rf.0b056cc0fef31b2d79de065d4e39b64a.jpg, 1
minor_338_JPEG_jpg.rf.09e88c135f146e9179d0b8d9d404b7b3.jpg, 1
severe_2_JPEG_jpg.rf.0ab7ff0f25919ea59f21161a3d87c070.jpg, 1
akhand_b43_169_jpg.rf.0c167cf64dbdaf749963da89f36ac53f.jpg, 1
165_jpg.rf.0d07bd970545b6bbe3e7ef99e3107ee0.jpg, 1
minor_151_JPEG_jpg.rf.0c73d8c4b53b32ccfcee5ae468f71817.jpg, 1
severe_277_JPEG_jpg.rf.0d8ed8e0a0a05ed6f989df9d0f107922.jpg, 1
test_set_39_jpg.rf.0b518f154da319c6263f07e74e9e8058.jpg, 1
akhand_b43_174_jpg.rf.0d9eecf633a9feb7a93f97303af904a8.jpg, 1
severe_125_JPEG_jpg.rf.0c1e128fd5d2714b7a2dca89fe5c3089.jpg, 1
test_set_91_jpg.rf.0c8f84c646b51c51f6de6a7c8e890f8e.jpg, 1
akhand_b43_226_jpg.rf.0cfa9de5d9b1a8e15fc2fbd1a0554c4e.jpg, 1
test_set_131_jpg.rf.0b2fde0b5ce137ea595d6c6503a91cb6.jpg, 1
minor_124_JPEG_jpg.rf.0a8cf18e1d617f1c608e7f05db34a948.jpg, 1
akhand_b43_159_jpg.rf.0d0068fe6c8afb3254289780536aa24c.jpg, 1
test_set_40_jpg.rf.0db8b5542a2b5506bd7faf5fef754c66.jpg, 1
test_set_5_jpg.rf.0d95c6380712706d079bd27565bc9cc7.jpg, 1
akhand_b43_155_jpg.rf.0cc128c20c885ed518609222f31d9ac0.jpg, 1
157_jpg.rf.0f122bd7463f3644beb0ca2b062b139e.jpg, 1
severe_469_JPEG_jpg.rf.0e72bf0aae321b101ec9307c984bbc36.jpg, 1
severe_111_JPEG_jpg.rf.0f2b692707f23699fd1864a67883e792.jpg, 1
akhand_b43_70_jpg.rf.0f5ca80626d8ec274f08eed84f9ee0cf.jpg, 1
severe_138_JPEG_jpg.rf.0e5d1d0b591ab239d8dbc7ed168e3377.jpg, 1
severe_404_JPEG_jpg.rf.0f4cd110201d2017ca7f69814052186b.jpg, 1
minor_382_JPEG_jpg.rf.0f81152fe65146d42608cf0dbb248ab3.jpg, 1
minor_28_JPEG_jpg.rf.0f14d978ac7a013c37157500b9ad324a.jpg, 1
coco15_jpg.rf.0fc820db15fcfe30051d73e218494482.jpg, 1
coco53_jpg.rf.0fc84162a693c5a0e1ea9d7c7cb6cfba.jpg, 1
minor_391_JPEG_jpg.rf.1114b5a9bd4afa7cfcf3abe384cd98a8.jpg, 1
akhand_b43_586_jpg.rf.0f26734b30252882c04af511e221a773.jpg, 1
severe_410_JPEG_jpg.rf.10509fb32b7253f454bcc5d4a70492a9.jpg, 1
severe_74_JPEG_jpg.rf.103d3bbbaaa7f6c77e6e24f71c113214.jpg, 1
akhand_b43_556_jpg.rf.107840525994f23316ed0425cee0a0d4.jpg, 1
severe_362_JPEG_jpg.rf.1198d55e39f8d21d06c6305ce3804943.jpg, 1
severe_481_JPEG_jpg.rf.0faba52ef00c1df73f83bb89dd8576ca.jpg, 1
minor_404_JPEG_jpg.rf.112c47cb1c40c74f9f4bf6c6305efe61.jpg, 1
severe_452_JPEG_jpg.rf.118766b01520d3c834b71b2a90038bab.jpg, 1
coco20_jpg.rf.11973be3754dc328f69165ae7a7b738e.jpg, 1
akhand_b43_508_jpg.rf.10bdfa7a06782a7374bd16a368546225.jpg, 1
test_set_6_jpg.rf.11c23ba9f344ef12766994d24b1566f6.jpg, 1
22_jpg.rf.1055d4557cde263abab8583c062712c1.jpg, 1
severe_155_JPEG_jpg.rf.11dd5280ad6112a7241a28a68f859e8c.jpg, 1
minor_396_JPEG_jpg.rf.101a8eae1f468b966685073ae4227cec.jpg, 1
severe_250_JPEG_jpg.rf.115800ff1a98a8224c0fd607175a8870.jpg, 1
severe_36_JPEG_jpg.rf.0fd6c4b69023113c08e394fa0669073f.jpg, 1
minor_266_JPEG_jpg.rf.11e9acb1874361946384fa522781d9ed.jpg, 1
akhand_b43_321_jpg.rf.0fa254a3e9b81f9dc5e566611f011bf2.jpg, 1
severe_220_JPEG_jpg.rf.122bec5e0f07faae09f71c4540cfda93.jpg, 1
severe_46_JPEG_jpg.rf.11c6b258130d99923fe0b077d9a18e82.jpg, 1
129_jpg.rf.10b2e428e07ddcae48adb58362f5e3f5.jpg, 1
severe_100_JPEG_jpg.rf.1255087cd4344a781b1702c56f2f2f7e.jpg, 1
severe_541_JPEG_jpg.rf.12b9463a26e38ad529097cba467f1d0e.jpg, 1
minor_108_JPEG_jpg.rf.0fd35f78ceacc8652bd5bf685f33b323.jpg, 1
akhand_b43_138_jpg.rf.1251d6008ffc0b1e63bc92530d44f5cd.jpg, 1
test_set_103_jpg.rf.12579684316e2a9457e1f73bf5d3339f.jpg, 1
minor_244_JPEG_jpg.rf.12eb270bba9cda5b8e3581d5886536a6.jpg, 1
akhand_b43_225_jpg.rf.12ec45120db1568411f906c61f287a71.jpg, 1
minor_208_JPEG_jpg.rf.134b2a2d90e770f606ae79fe9e6e8498.jpg, 1
severe_230_JPEG_jpg.rf.13416857595b6d7b91a49fd0a35743e0.jpg, 1
akhand_b43_331_jpg.rf.132a7dc1cd29ac4c851d13f2243e376b.jpg, 1
akhand_b43_46_jpg.rf.13682c7bbab6120ac83eb881397618e8.jpg, 1
akhand_b43_48_jpg.rf.1361119bc568636cf1fdbf1c3a6f414c.jpg, 1
minor_170_JPEG_jpg.rf.13a9e644f1513043fea7da33f6967460.jpg, 1
minor_380_JPEG_jpg.rf.158c218e296d86fc6fbcb8874b3ba5cc.jpg, 1
minor_129_JPEG_jpg.rf.1661de33f0962c39fa0ae0fc721f84f5.jpg, 1
severe_78_JPEG_jpg.rf.14722bad55de3646590f8200d4473012.jpg, 1
minor_329_JPEG_jpg.rf.166055b958b833e5ff5059e0baab254d.jpg, 1
akhand_b43_457_jpg.rf.13d60ce31b52e3964db6e3c0b23ec382.jpg, 1
minor_54_JPEG_jpg.rf.16ac62ded7ef75e87edda134161de1f8.jpg, 1
severe_49_JPEG_jpg.rf.160d3394e26b121622cd74e6181b057b.jpg, 1
minor_15_JPEG_jpg.rf.169bd1c5a78d45094eab7d94ef844a0a.jpg, 1
minor_311_JPEG_jpg.rf.14b48597b3542537e5a30c49ac78d4b0.jpg, 1
severe_95_JPEG_jpg.rf.16c60311786c53c13da23e5cd4fe0f06.jpg, 1
severe_506_JPEG_jpg.rf.13b119fc6966fd9fe792cb79ecfcae26.jpg, 1
akhand_b43_371_jpg.rf.1613eb44a163aa2be774e5bab73d401d.jpg, 1
severe_101_JPEG_jpg.rf.14caeee905045380f44f4e0879745dfd.jpg, 1
test_set_55_jpg.rf.13e6977a0e597cb6b2a6504f180b0d2f.jpg, 1
minor_257_JPEG_jpg.rf.13cd787f2c2471e21eadbc37eb0befb8.jpg, 1
severe_140_JPEG_jpg.rf.1430f9956b4cecb0ce291a7a84e4db3a.jpg, 1
minor_258_JPEG_jpg.rf.16cf65c0d04358b1acaf4f53d510ff30.jpg, 1
akhand_b43_338_jpg.rf.16fa54de66b247e1937d5241aa3c7300.jpg, 1
test_set_114_jpg.rf.1688b40158321f67e09cb48515544de7.jpg, 1
minor_162_JPEG_jpg.rf.13befd20cc968e72b4140d2c4fca91c6.jpg, 1
minor_53_JPEG_jpg.rf.150d309d72dada8aff9624002e1b0b82.jpg, 1
minor_296_JPEG_jpg.rf.1702d2a03a2590ed6b954b1fb0f37f32.jpg, 1
85_jpg.rf.13a849b0112046cf81934877df3ea43e.jpg, 1
akhand_b43_183_jpg.rf.178712617cdb1bb4332c219183b70739.jpg, 1
58_jpg.rf.186d897076d741743f647a612315c6f4.jpg, 1
minor_111_JPEG_jpg.rf.17934fd7b1495d9762f8e26e71c325a9.jpg, 1
severe_231_JPEG_jpg.rf.17effc2324bf2697de7246c2bee51bf6.jpg, 1
test_set_31_jpg.rf.15cdebca18a387fde1f8b049eda34c64.jpg, 1
6_jpg.rf.179c1a17edc2a09078e974a2b5810443.jpg, 1
severe_328_JPEG_jpg.rf.17fb92c6ea9a62e7f51a645cf41f2f99.jpg, 1
severe_10_JPEG_jpg.rf.1914180d523ada04214809a140f2814e.jpg, 1
45_jpg.rf.1924a6b1fce54be07a24f2af87830c27.jpg, 1
minor_55_JPEG_jpg.rf.18d8b987a239ead93272100388ae5cd3.jpg, 1
akhand_b43_477_jpg.rf.175ea76414da6c4a468b79461eaa343c.jpg, 1
test_set_7_jpg.rf.1a05d6e5008fb3c515877a8944ed33aa.jpg, 1
severe_574_JPEG_jpg.rf.1949b9695e7de9ae2f8bcf13c51580a0.jpg, 1
minor_361_JPEG_jpg.rf.1a194c23b749f7657d44c6bfa5853a6a.jpg, 1
akhand_b43_83_jpg.rf.17f9641b8ad575347121e8b3d0480844.jpg, 1
minor_370_JPEG_jpg.rf.187a834c200f65bbfa942c6fd3685e2e.jpg, 1
akhand_b43_134_jpg.rf.198790a5447831549ecf59b5beb9e02b.jpg, 1
coco79_jpg.rf.1a2f1a4df3dae7fbff491df4d2b5bc12.jpg, 1
severe_289_JPEG_jpg.rf.19c5a8e501c9e0b1befc280c9faaf9b2.jpg, 1
2_jpg.rf.199c168c9822ad7793c5fa0599510f38.jpg, 1
96_jpg.rf.1a372169507c9c9339abb4f2883f0ac9.jpg, 1
coco44_jpg.rf.192d351043c1c99a8dc8d381971f06a4.jpg, 1
severe_14_JPEG_jpg.rf.18268ec780fe9afc53ea7344f05f6573.jpg, 1
severe_234_JPEG_jpg.rf.19a361e0316b3fffc1d4fd07fc14838e.jpg, 1
minor_107_JPEG_jpg.rf.1a1359ea25f32a5d02b51c607eeebcc1.jpg, 1
severe_586_JPEG_jpg.rf.1b17f1d843172df4d0129f882b922b3c.jpg, 1
severe_465_JPEG_jpg.rf.1b45d3bf3578d36197b9fd40a3d2bffb.jpg, 1
akhand_b43_555_jpg.rf.1b023d4441d15a778b0715c8f6129b5c.jpg, 1
severe_402_JPEG_jpg.rf.1b666b904ccfb786738d616f2f5fc916.jpg, 1
severe_242_JPEG_jpg.rf.1a69081e5ab0e99428fd916f60ed3a3e.jpg, 1
severe_241_JPEG_jpg.rf.1b9bd7cdbdc916c68550aab3770d9a29.jpg, 1
akhand_b43_309_jpg.rf.1aa7b77b27bc7b49a09d7569074e6055.jpg, 1
135_jpg.rf.1b476de6792031e29f801376e335bf8d.jpg, 1
minor_430_JPEG_jpg.rf.1b84e1ece97b499107b853a50a12d3c1.jpg, 1
severe_433_JPEG_jpg.rf.1b9f110f7e069782aa36a4f0feec2910.jpg, 1
coco5_jpg.rf.1c1fe24e54f135aa1c6a8e5f51d266dd.jpg, 1
akhand_b43_172_jpg.rf.1c47290a11f63e20bdf62d6b59b05a3d.jpg, 1
severe_156_JPEG_jpg.rf.1c867a7d789e08cbb4b1cf22e1ffb2c6.jpg, 1
severe_394_JPEG_jpg.rf.1e223d05b095ad799c92ad682b02148d.jpg, 1
akhand_b43_85_jpg.rf.1ead06016d5664d1abbbb99eb868d501.jpg, 1
akhand_b43_600_jpg.rf.1ec1f21d3ce7550da866d6b34e8f9dd8.jpg, 1
minor_239_JPEG_jpg.rf.1cbd382824bb1372d8a18f126b2254d7.jpg, 1
severe_88_JPEG_jpg.rf.1e8471eda2a70a79b3bdf48653bd27ee.jpg, 1
test_set_98_jpg.rf.1d5a6c9919e0790e76d32755e7c41cd6.jpg, 1
minor_29_JPEG_jpg.rf.1dc271080251d7b60eafe70f65c0f0ac.jpg, 1
minor_167_JPEG_jpg.rf.1ec316f1011c2f753711d4b33a350999.jpg, 1
test_set_182_jpg.rf.1c1d30f4a1887a1ba6d3c807dcdf2614.jpg, 1
minor_408_JPEG_jpg.rf.1e8bfbd2084a64a0b8f210efd2bbb98b.jpg, 1
severe_173_JPEG_jpg.rf.1f3acfdeb1bf222e01594e7da764d466.jpg, 1
test_set_45_jpg.rf.1f3d402911d7fa5e267f91bc17e30a23.jpg, 1
minor_14_JPEG_jpg.rf.1f2e9ec9910793a530ff37d27b85e763.jpg, 1
minor_399_JPEG_jpg.rf.1e4d80c8d48975a7705c293f08921cea.jpg, 1
akhand_b43_64_jpg.rf.1c0231f782372876566bf07def3a9ba0.jpg, 1
minor_431_JPEG_jpg.rf.1bf0d840c457f8352d16464e2331aba0.jpg, 1
minor_236_JPEG_jpg.rf.1ceacb8f7fe4017d8f076d5d9d9dd3af.jpg, 1
test_set_23_jpg.rf.1f9d034cee36898a0b1edf4c770f684f.jpg, 1
coco26_jpg.rf.1ce7ededb0015b3e02400a64375badf3.jpg, 1
akhand_b43_597_jpg.rf.1cb2c524f43ab40b3fbc14c430c53ad9.jpg, 1
akhand_b43_381_jpg.rf.20842b8471cee98719d827b4666c153b.jpg, 1
test_set_63_jpg.rf.1ed04455fb86ec13aace263043a9b589.jpg, 1
severe_298_JPEG_jpg.rf.2098dc390541a9ec157a4f5fa480ee50.jpg, 1
minor_154_JPEG_jpg.rf.20ca492cb1bfb28a286853ea4aa3c89e.jpg, 1
akhand_b43_412_jpg.rf.20a1bd5c67176dfc806591861306df2a.jpg, 1
minor_371_JPEG_jpg.rf.219bae9451b92d07474f81a9c147b5ad.jpg, 1
akhand_b43_38_jpg.rf.2252e0218d8bc9b246b8df3d9e27964f.jpg, 1
severe_393_JPEG_jpg.rf.21152c1cc51378d3d85808d79f083f63.jpg, 1
minor_136_JPEG_jpg.rf.2128343a592faf83a97d5435e0072fff.jpg, 1
test_set_107_jpg.rf.22696ec8742fd322911df79bbd7f4af3.jpg, 1
test_set_171_jpg.rf.20f3d0a607613f59a4fe3150c558d1e7.jpg, 1
severe_286_JPEG_jpg.rf.217ad52dc84927c2a4a84234ca7d95af.jpg, 1
severe_589_JPEG_jpg.rf.21389dc845320fb3d67218b5739d05b5.jpg, 1
severe_483_JPEG_jpg.rf.22095b7fd2caf9d9ad04dbf2483f08fc.jpg, 1
severe_190_JPEG_jpg.rf.22f620c2220de28d96ef2e7d2e857110.jpg, 1
akhand_b43_342_jpg.rf.20a426e9d6622f262bb2cd9fff5252d6.jpg, 1
minor_349_JPEG_jpg.rf.22ba2015b1add383bc7145cae659eeb9.jpg, 1
severe_575_JPEG_jpg.rf.22d3b57bf05485b2c10e241eb68b7c5d.jpg, 1
severe_312_JPEG_jpg.rf.22493fd46fe3faa21eab21dadd3e5985.jpg, 1
akhand_b43_535_jpg.rf.22cb8aff6fab17a798d85a0db55d18aa.jpg, 1
severe_494_JPEG_jpg.rf.218b059ea252c5327d85a1775588fe91.jpg, 1
test_set_155_jpg.rf.21b74f829d74ee1399a9c74bf5f02d79.jpg, 1
minor_359_JPEG_jpg.rf.230afff1040e6b3952e9b57beb2fb252.jpg, 1
akhand_b43_42_jpg.rf.22dceaf9239b9472caca4ed9173f6498.jpg, 1
severe_344_JPEG_jpg.rf.189bc675e938132e1c4bba8f9fdc531a.jpg, 1